EstacaoCodigo;NivelConsistencia;Data;Media;Vazao01;Vazao02;Vazao03;Vazao04;Vazao05;Vazao06;Vazao07;Vazao08;Vazao09;Vazao10;Vazao11;Vazao12;Vazao13;Vazao14;Vazao15;Vazao16;Vazao17;Vazao18;Vazao19;Vazao20;Vazao21;Vazao22;Vazao23;Vazao24;Vazao25;Vazao26;Vazao27;Vazao28;Vazao29;Vazao30;Vazao31
36160000;1;01/05/2020;7.62;37.419;27.092;20.384;15.898;12.569;9.941;8.023;6.512;5.436;4.592;3.846;3.268;2.967;2.554;2.303;2.303;2.303;3.347;3.674;7.035;4.592;5.108;9.941;6.902;6.77;6.016;4.494;3.59;2.895;2.364;2.069
36160000;1;01/04/2020;55.676;102.646;70.99;42.276;39.15;43.078;32.357;29.641;20.965;15.659;11.969;9.434;9.106;16.385;12.366;11.389;9.601;7.589;7.171;19.256;64.804;113.926;78.593;90.788;135.396;213.939;171.394;103.94;74.197;66.322;45.95;
36160000;1;01/03/2020;126.17;1.427;0.819;0.543;0.424;0.683;0.683;1.515;2.364;2.303;1.751;4.897;6.385;28.896;43.889;31.563;267.011;563.771;596.704;395.18;407.319;290.256;174.817;109.204;71.519;56.561;169.697;270.267;158.884;109.204;76.929;65.814
36160000;1;01/02/2020;1.048;0;0;0;0;0;0;0;0;0;0;0;0;0;0;0;0;0;0;0;0;0;0;0;0;10.468;8.323;5.108;3.934;2.554;;
36160000;1;01/01/2020;0;0;0;0;0;0;0;0;0;0;0;0;0;0;0;0;0;0;0;0;0;0;0;0;0;0;0;0;0;0;0;0
36160000;1;01/12/2019;0;0;0;0;0;0;0;0;0;0;0;0;0;0;0;0;0;0;0;0;0;0;0;0;0;0;0;0;0;0;0;0
36160000;1;01/11/2019;0;0;0;0;0;0;0;0;0;0;0;0;0;0;0;0;0;0;0;0;0;0;0;0;0;0;0;0;0;0;0;
36160000;1;01/10/2019;0;0;0;0;0;0;0;0;0;0;0;0;0;0;0;0;0;0;0;0;0;0;0;0;0;0;0;0;0;0;0;0
36160000;1;01/09/2019;0;0;0;0;0;0;0;0;0;0;0;0;0;0;0;0;0;0;0;0;0;0;0;0;0;0;0;0;0;0;0;
36160000;1;01/08/2019;0;0;0;0;0;0;0;0;0;0;0;0;0;0;0;0;0;0;0;0;0;0;0;0;0;0;0;0;0;0;0;0
36160000;1;01/07/2019;0.001;0.006;0.004;0.004;0.003;0.003;0.002;0.001;0.001;0.001;0.001;0.001;0;0;0;0;0;0;0;0;0;0;0;0;0;0;0;0;0;0;0;0
36160000;1;01/06/2019;0.041;0.168;0.098;0.06;0.048;0.048;0.048;0.048;0.048;0.041;0.048;0.048;0.041;0.041;0.041;0.041;0.041;0.034;0.034;0.041;0.034;0.034;0.029;0.024;0.019;0.016;0.013;0.01;0.01;0.008;0.006;
36160000;1;01/05/2019;1.794;3.76;4.592;6.902;10.648;6.385;4.024;2.895;2.126;1.751;1.384;1.147;0.974;0.819;0.709;0.634;0.587;0.543;0.819;0.521;0.442;0.442;0.564;0.521;0.442;0.389;0.356;0.31;0.282;0.243;0.22;0.198
36160000;1;01/04/2019;45.152;43.482;98.186;86.617;64.302;119.456;158.884;123.696;120.157;119.456;65.814;71.519;86.617;38.314;27.804;24.704;20.673;14.726;10.648;7.732;6.016;4.794;4.301;4.897;5.325;5.001;4.897;5.663;4.024;3.347;3.508;
36160000;1;01/03/2019;2.615;0.026;0.024;0.026;0.024;0.024;0.018;0.014;0.01;0.009;0.005;0.003;0.002;0.005;0.005;0.004;0.003;0.002;0.001;0.001;0;0;0;0.003;0.031;0.564;0.168;19.534;20.965;6.385;10.115;23.093
36160000;1;01/02/2019;0.021;0;0;0;0.001;0;0.005;0.004;0.003;0.002;0.001;0.001;0;0;0;0;0;0.003;0.041;0.022;0.016;0.011;0.178;0.08;0.06;0.048;0.041;0.034;0.031;;;
36160000;1;01/01/2019;0;0;0;0;0;0;0;0;0;0;0;0;0;0;0;0;0;0;0;0;0;0;0;0;0;0;0;0;0;0;0.001;0
36160000;1;01/12/2018;0;0;0;0;0;0;0;0;0;0;0;0;0;0;0;0;0;0;0;0;0;0;0;0;0;0;0;0;0;0;0;0
36160000;1;01/11/2018;0;0;0;0;0;0;0;0;0;0;0;0;0;0;0;0;0;0;0;0;0;0;0;0;0;0;0;0;0;0;0;
36160000;1;01/10/2018;0;0;0;0;0;0;0;0;0;0;0;0;0;0;0;0;0;0;0;0;0;0;0;0;0;0;0;0;0;0;0;0
36160000;1;01/09/2018;0;0;0;0;0;0;0;0;0;0;0;0;0;0;0;0;0;0;0;0;0;0;0;0;0;0;0;0;0;0;0;0
36160000;1;01/08/2018;0;0;0;0;0;0;0;0;0;0;0;0;0;0;0;0;0;0;0;0;0;0;0;0;0;0;0;0;0;0;0;0
36160000;1;01/07/2018;0;0;0;0;0;0;0;0;0;0;0;0;0;0;0;0;0;0;0;0;0;0;0;0;0;0;0;0;0;0;0;0
36160000;1;01/06/2018;0.006;0.031;0.024;0.024;0.019;0.016;0.016;0.016;0.016;0.016;0;0;0;0;0;0;0;0;0;0;0;0;0;0;0;0;0;0;0;0;0;
36160000;1;01/05/2018;0.92;1.427;1.223;2.554;2.554;1.853;1.427;11.2;0.879;0.763;0.61;0.521;0.442;0.389;0.296;0.325;0.282;0.243;0.22;0.198;0.178;0.159;0.159;0;0.119;0.105;0.086;0.08;0.07;0.065;0.06;0.044
36160000;1;01/04/2018;31.228;2.013;1.427;30.4;78.036;42.276;49.355;78.036;48.062;54.252;64.804;60.85;37.864;32.357;48.491;50.666;66.322;70.463;36.977;21.859;18.44;10.648;7.732;5.897;4.794;3.59;3.115;2.62;2.126;1.802;1.56;
36160000;1;01/03/2018;17.597;37.857;75.103;70.931;79.38;112.226;57.44;31.465;21.318;15.223;11.063;7.986;5.871;4.564;3.36;2.678;2.088;1.584;1.163;0.938;0.742;0;0;0;0;0;0;0;0;0.198;0.406;1.906
36160000;1;01/02/2018;0;0;0;0;0;0;0;0;0;0;0;0;0;0;0;0;0;0;0;0;0;0;0;0;0;0;0;0;0;;;
36160000;1;01/01/2018;0;0;0;0;0;0;0;0;0;0;0;0;0;0;0;0;0;0;0;0;0;0;0;0;0;0;0;0;0;0;0;0
36160000;1;01/12/2017;0;0;0;0;0;0;0;0;0;0;0;0;0;0;0;0;0;0;0;0;0;0;0;0;0;0;0;0;0;0;0;0
36160000;1;01/11/2017;0;0;0;0;0;0;0;0;0;0;0;0;0;0;0;0;0;0;0;0;0;0;0;0;0;0;0;0;0;0;0;
36160000;1;01/10/2017;0;0;0;0;0;0;0;0;0;0;0;0;0;0;0;0;0;0;0;0;0;0;0;0;0;0;0;0;0;0;0;0
36160000;1;01/09/2017;0;0;0;0;0;0;0;0;0;0;0;0;0;0;0;0;0;0;0;0;0;0;0;0;0;0;0;0;0;0;0;
36160000;1;01/08/2017;0;0;0;0;0;0;0;0;0;0;0;0;0;0;0;0;0;0;0;0;0;0;0;0;0;0;0;0;0;0;0;0
36160000;1;01/07/2017;0;0;0;0;0;0;0;0;0;0;0;0;0;0;0;0;0;0;0;0;0;0;0;0;0;0;0;0;0;0;0;0
36160000;1;01/06/2017;0.525;0;0;6.13;3.27;2.599;1.763;1.163;0.817;0;0;0;0;0;0;0;0;0;0;0;0;0;0;0;0;0;0;0;0;0;0;
36160000;1;01/05/2017;0;0;0;0;0;0;0;0;0;0;0;0;0;0;0;0;0;0;0;0;0;0;0;0;0;0;0;0;0;0;0;0
36160000;1;01/04/2017;2.362;2.84;2.522;3.934;4.138;4.138;3.36;3.007;7.093;5.252;4.348;3.36;3.007;2.372;2.227;3.934;3.181;2.088;2.227;2.088;1.584;1.364;1.069;0.897;0.817;0;0;0;0;0;0;
36160000;1;01/03/2017;7.702;0;0;0;0;0;0;0;0;0;0;0;0;0;0;0;0;0;0;0;83.762;28.702;15.684;9.279;7.681;18.115;37.461;15.684;8.944;5.744;4.348;3.36
36160000;1;01/02/2017;0;0;0;0;0;0;0;0;0;0;0;0;0;0;0;0;0;0;0;0;0;0;0;0;0;0;0;0;0;;;
36160000;1;01/01/2017;0;0;0;0;0;0;0;0;0;0;0;0;0;0;0;0;0;0;0;0;0;0;0;0;0;0;0;0;0;0;0;0
36160000;1;01/12/2016;0;0;0;0;0;0;0;0;0;0;0;0;0;0;0;0;0;0;0;0;0;0;0;0;0;0;0;0;0;0;0;0
36160000;1;01/11/2016;0;0;0;0;0;0;0;0;0;0;0;0;0;0;0;0;0;0;0;0;0;0;0;0;0;0;0;0;0;0;0;
36160000;1;01/10/2016;0;0;0;0;0;0;0;0;0;0;0;0;0;0;0;0;0;0;0;0;0;0;0;0;0;0;0;0;0;0;0;0
36160000;1;01/09/2016;0;0;0;0;0;0;0;0;0;0;0;0;0;0;0;0;0;0;0;0;0;0;0;0;0;0;0;0;0;0;0;
36160000;1;01/08/2016;0;0;0;0;0;0;0;0;0;0;0;0;0;0;0;0;0;0;0;0;0;0;0;0;0;0;0;0;0;0;0;0
36160000;1;01/07/2016;0;0;0;0;0;0;0;0;0;0;0;0;0;0;0;0;0;0;0;0;0;0;0;0;0;0;0;0;0;0;0;0
36160000;1;01/06/2016;0;0;0;0;0;0;0;0;0;0;0;0;0;0;0;0;0;0;0;0;0;0;0;0;0;0;0;0;0;0;0;
36160000;1;01/05/2016;0;0;0;0;0;0;0;0;0;0;0;0;0;0;0;0;0;0;0;0;0;0;0;0;0;0;0;0;0;0;0;0
36160000;1;01/04/2016;1.714;13.251;7.093;4.787;4.035;3.093;2.758;3.007;2.678;2.088;1.584;1.364;1.163;0.981;0.897;0.857;1.069;0.707;0;0;0;0;0;0;0;0;0;0;0;0;0;
36160000;1;01/03/2016;2.974;0;0;0;0;0;0;0;0;0;0;0;0;0;0;0;0;0;0;0;1.889;2.522;2.157;2.599;2.923;2.923;2.299;2.599;13.462;14.77;25.152;18.886
36160000;1;01/02/2016;1.571;9.97;7.531;5.744;4.564;3.737;3.007;2.446;2.088;1.643;1.211;1.025;1.025;0.857;0.707;0;0;0;0;0;0;0;0;0;0;0;0;0;0;0;;
36160000;1;01/01/2016;15.717;0;0;0;0;0;0;0;0;0;0;0;0;0;0;0;0;0;0;0;0;0;0;0;0;142.718;84.397;107.226;74.5;41.536;22.747;14.107
36160000;1;01/12/2015;0;0;0;0;0;0;0;0;0;0;0;0;0;0;0;0;0;0;0;0;0;0;0;0;0;0;0;0;0;0;0;0
36160000;1;01/11/2015;0;0;0;0;0;0;0;0;0;0;0;0;0;0;0;0;0;0;0;0;0;0;0;0;0;0;0;0;0;0;0;
36160000;1;01/10/2015;0;0;0;0;0;0;0;0;0;0;0;0;0;0;0;0;0;0;0;0;0;0;0;0;0;0;0;0;0;0;0;0
36160000;1;01/09/2015;0;0;0;0;0;0;0;0;0;0;0;0;0;0;0;0;0;0;0;0;0;0;0;0;0;0;0;0;0;0;0;
36160000;1;01/08/2015;0;0;0;0;0;0;0;0;0;0;0;0;0;0;0;0;0;0;0;0;0;0;0;0;0;0;0;0;0;0;0;0
36160000;1;01/07/2015;0;0;0;0;0;0;0;0;0;0;0;0;0;0;0;0;0;0;0;0;0;0;0;0;0;0;0;0;0;0;0;0
36160000;1;01/06/2015;0;0;0;0;0;0;0;0;0;0;0;0;0;0;0;0;0;0;0;0;0;0;0;0;0;0;0;0;0;0;0;
36160000;1;01/05/2015;2.614;1.643;1.211;0.938;0.897;0.707;0;0;0;0;0;0;32.541;10.508;6;4.035;3.007;2.227;1.763;1.417;1.527;2.088;2.088;1.311;1.115;0.981;0.897;1.069;0.897;0.779;0.707;0.672
36160000;1;01/04/2015;2.865;11.252;8.298;4.348;3.181;1.763;2.678;2.299;1.826;1.364;0.981;0.707;0;1.954;0.938;2.522;1.643;1.261;1.025;0.779;0;0;0;0;0;0;19.147;8.141;4.675;3.093;2.088;
36160000;1;01/03/2015;0;0;0;0;0;0;0;0;0;0;0;0;0;0;0;0;0;0;0;0;0;0;0;0;0;0;0;0;0;0;0;0
36160000;1;01/02/2015;0;0;0;0;0;0;0;0;0;0;0;0;0;0;0;0;0;0;0;0;0;0;0;0;0;0;0;0;0;;;
36160000;1;01/01/2015;0;0;0;0;0;0;0;0;0;0;0;0;0;0;0;0;0;0;0;0;0;0;0;0;0;0;0;0;0;0;0;0
36160000;2;01/12/2014;0;0;0;0;0;0;0;0;0;0;0;0;0;0;0;0;0;0;0;0;0;0;0;0;0;0;0;0;0;0;0;0
36160000;2;01/11/2014;0;0;0;0;0;0;0;0;0;0;0;0;0;0;0;0;0;0;0;0;0;0;0;0;0;0;0;0;0;0;0;
36160000;2;01/10/2014;0;0;0;0;0;0;0;0;0;0;0;0;0;0;0;0;0;0;0;0;0;0;0;0;0;0;0;0;0;0;0;0
36160000;2;01/09/2014;0;0;0;0;0;0;0;0;0;0;0;0;0;0;0;0;0;0;0;0;0;0;0;0;0;0;0;0;0;0;0;
36160000;2;01/08/2014;0;0;0;0;0;0;0;0;0;0;0;0;0;0;0;0;0;0;0;0;0;0;0;0;0;0;0;0;0;0;0;0
36160000;2;01/07/2014;0.022;0.672;0;0;0;0;0;0;0;0;0;0;0;0;0;0;0;0;0;0;0;0;0;0;0;0;0;0;0;0;0;0
36160000;2;01/06/2014;2.558;16.631;9.97;7.383;5.495;4.348;3.737;2.84;2.84;2.522;2.088;1.826;1.702;1.472;1.472;1.364;1.261;1.261;1.069;0.897;0.742;0.742;0.742;0.672;0.672;0;0;0.897;0.742;0.672;0.672;
36160000;2;01/05/2014;8.167;9.97;8.617;9.279;13.042;9.97;8.944;7.383;6;5.252;4.787;4.138;3.737;3.545;3.181;2.84;2.84;2.678;2.84;2.678;2.522;2.227;2.227;1.954;1.954;1.702;1.702;1.472;1.472;2.227;78.762;43.238
36160000;2;01/04/2014;48.856;79.999;61.244;103.717;87.601;63.466;121.031;51.682;33.639;21.883;16.153;12.631;35.903;55.843;113.673;44.982;28.036;23.04;17.117;13.042;13.89;17.612;14.77;51.682;164.265;95.508;46.768;28.036;19.677;16.153;12.631;
36160000;2;01/03/2014;52.331;3.934;3.545;3.007;2.678;2.84;112.226;68.016;39.875;42.382;39.061;43.238;53.744;110.787;85.033;68.016;43.238;35.138;81.245;305.045;226.887;83.762;44.105;34.384;25.463;18.115;11.831;9.62;6.532;5.744;4.787;7.986
36160000;2;01/02/2014;42.86;0;0;0;0;0;11.443;5.744;3.36;3.934;48.655;30.065;176.422;198.155;172.91;167.699;61.244;32.18;25.463;76.314;63.466;44.982;24.233;16.631;11.443;8.617;6.809;5.744;4.564;;;
36160000;2;01/01/2014;0;0;0;0;0;0;0;0;0;0;0;0;0;0;0;0;0;0;0;0;0;0;0;0;0;0;0;0;0;0;0;0
36160000;2;01/12/2013;0;0;0;0;0;0;0;0;0;0;0;0;0;0;0;0;0;0;0;0;0;0;0;0;0;0;0;0;0;0;0;0
36160000;2;01/11/2013;0;0;0;0;0;0;0;0;0;0;0;0;0;0;0;0;0;0;0;0;0;0;0;0;0;0;0;0;0;0;0;
36160000;2;01/10/2013;0;0;0;0;0;0;0;0;0;0;0;0;0;0;0;0;0;0;0;0;0;0;0;0;0;0;0;0;0;0;0;0
36160000;2;01/09/2013;0;0;0;0;0;0;0;0;0;0;0;0;0;0;0;0;0;0;0;0;0;0;0;0;0;0;0;0;0;0;0;
36160000;2;01/08/2013;;;;;;;;;;;;;;;;;;;;;;;;;;;;;;;;
36160000;2;01/07/2013;;;;;;;;;;;;;;;;;;;;;;;;;;;;;;;;
36160000;2;01/06/2013;0.047;0.742;0.672;0;0;0;0;0;0;0;0;0;0;0;0;0;0;0;0;0;0;0;0;0;0;0;0;0;0;0;0;
36160000;2;01/05/2013;3.124;1.472;1.261;1.069;0.897;0.897;0.817;0.742;0.897;24.844;17.612;12.227;6.263;4.348;3.181;2.372;1.954;1.584;1.702;1.472;1.261;1.069;0.897;0.817;0.817;0.742;0.742;0.742;1.261;1.069;0.981;0.817
36160000;2;01/04/2013;1.444;4.348;4.138;3.36;2.372;1.826;1.472;1.472;1.472;1.826;1.472;1.261;1.163;0.817;0.672;0;0;0;0;0;0;0;0;0;0;0.897;1.364;5.744;3.181;2.522;1.954;
36160000;2;01/03/2013;0.135;0;0;0;0;0;0;0;0;0;0;0;0;0;0;0;0;0;0;0;0;0;0;0;0;0;0;0;0;0;2.227;1.954
36160000;2;01/02/2013;;;;;;;;;;;;;;;;;;;;;;;;;;;;;;;;
36160000;2;01/01/2013;;;;;;;;;;;;;;;;;;;;;;;;;;;;;;;;
36160000;2;01/12/2012;;;;;;;;;;;;;;;;;;;;;;;;;;;;;;;;
36160000;2;01/11/2012;;;;;;;;;;;;;;;;;;;;;;;;;;;;;;;;
36160000;2;01/10/2012;;;;;;;;;;;;;;;;;;;;;;;;;;;;;;;;
36160000;2;01/09/2012;;;;;;;;;;;;;;;;;;;;;;;;;;;;;;;;
36160000;2;01/08/2012;;;;;;;;;;;;;;;;;;;;;;;;;;;;;;;;
36160000;2;01/07/2012;;;;;;;;;;;;;;;;;;;;;;;;;;;;;;;;
36160000;2;01/06/2012;0.229;0;0;0;0;0;0;0;0;0;0;0;0.981;0.897;0.817;0.742;0.672;0.672;0.672;0.742;0.672;0;0;0;0;0;0;0;0;0;0;
36160000;2;01/05/2012;1.53;3.545;3.181;3.007;2.84;2.522;2.227;2.227;1.954;1.954;1.702;1.702;1.584;1.472;1.472;1.472;1.364;1.261;1.163;1.069;1.069;0.981;0.897;0.817;0.742;0.672;0.742;0.897;0.817;0.742;0.672;0.672
36160000;2;01/04/2012;15.035;56.905;46.768;32.905;26.731;19.677;15.684;13.462;13.042;27.378;14.77;11.443;14.77;16.153;11.443;8.944;7.383;6.809;6.263;5.744;7.681;18.115;13.462;10.326;10.326;8.617;6.532;5.744;5.252;4.787;3.934;
36160000;2;01/03/2012;50.277;23.04;17.612;12.227;9.97;12.631;17.612;18.115;12.631;18.115;13.042;17.612;56.905;26.731;18.627;51.682;32.18;51.682;28.036;17.612;13.89;30.76;32.18;29.379;21.883;16.153;25.463;261.523;346.741;142.718;107.934;73.9
36160000;2;01/02/2012;16.05;2.84;2.372;1.954;1.702;1.702;1.472;1.261;1.069;0.817;0.817;0.817;0.817;0.897;0.817;0.742;0.672;0.742;1.069;13.89;45.869;53.744;92.839;31.465;39.061;24.844;19.147;33.639;51.682;36.677;;
36160000;2;01/01/2012;4.598;0;0;0;0;0;0;0;0;0;0;0;0;0;0;0;0;0;0;0;0;0;5.495;26.731;25.463;29.379;18.115;13.042;7.986;8.617;4.348;3.36
36160000;2;01/12/2011;;;;;;;;;;;;;;;;;;;;;;;;;;;;;;;;
36160000;2;01/11/2011;2.091;2.088;1.702;1.472;1.364;1.261;4.787;3.545;2.522;1.826;1.702;1.472;1.261;4.787;7.383;5.495;3.934;3.007;2.372;1.954;1.702;1.472;1.261;1.069;0.897;0.981;0.742;0.672;0;0;0;
36160000;2;01/10/2011;2.675;0;0;0;0;0;0;0;0;0;0;0;0;0;0;0;0;0;0;0;0;14.326;23.04;14.77;7.986;5.744;4.348;3.36;2.678;2.227;2.227;2.227
36160000;2;01/09/2011;;;;;;;;;;;;;;;;;;;;;;;;;;;;;;;;
36160000;2;01/08/2011;;;;;;;;;;;;;;;;;;;;;;;;;;;;;;;;
36160000;2;01/07/2011;1.747;2.227;2.088;1.954;1.826;1.826;1.702;1.584;1.584;1.702;1.702;1.954;2.227;4.787;3.36;2.522;2.227;2.227;1.954;1.954;1.826;1.472;1.261;1.261;1.069;1.069;0.981;0.897;0.817;0.742;0.672;0.672
36160000;2;01/06/2011;6.153;15.223;13.462;12.227;11.063;9.97;9.279;8.617;7.681;7.383;6.809;6.263;6.263;5.744;5.744;5.252;4.787;4.564;4.348;3.934;3.934;3.737;3.737;3.545;3.545;3.36;3.36;3.181;2.84;2.522;2.227;
36160000;2;01/05/2011;137.508;98.211;152.496;217.118;230.848;580.963;729.313;437.172;257.335;172.91;115.128;83.762;65.724;51.682;43.238;35.138;30.76;28.702;82.499;187.148;183.542;110.787;77.534;59.057;46.768;40.701;33.639;28.702;24.844;20.762;19.147;17.117
36160000;2;01/04/2011;54.54;55.843;35.903;30.76;24.233;19.677;30.065;23.632;17.612;14.77;14.77;28.036;20.215;19.677;18.115;19.677;24.233;46.768;55.843;76.314;157.492;118.063;112.226;139.523;112.226;121.031;103.717;65.724;48.655;39.875;41.536;
36160000;2;01/03/2011;104.979;253.177;172.91;274.267;265.741;116.592;71.521;64.591;75.103;351.52;265.741;162.56;115.128;76.314;56.905;52.708;44.105;35.138;28.036;21.883;18.115;17.117;39.061;106.52;56.905;36.677;29.379;27.378;25.463;215.187;115.128;63.466
36160000;2;01/02/2011;48.98;18.627;30.76;79.999;55.843;87.601;79.999;61.244;39.061;30.76;25.463;18.115;13.042;9.97;13.042;14.77;12.227;9.97;13.89;35.903;95.508;134.791;98.211;50.664;32.905;41.536;46.768;54.789;165.978;;;
36160000;2;01/01/2011;0;0;0;0;0;0;0;0;0;0;0;0;0;0;0;0;0;0;0;0;0;0;0;0;0;0;0;0;0;0;0;0
36160000;2;01/12/2010;0;0;0;0;0;0;0;0;0;0;0;0;0;0;0;0;0;0;0;0;0;0;0;0;0;0;0;0;0;0;0;0
36160000;2;01/11/2010;0;0;0;0;0;0;0;0;0;0;0;0;0;0;0;0;0;0;0;0;0;0;0;0;0;0;0;0;0;0;0;
36160000;2;01/10/2010;0;0;0;0;0;0;0;0;0;0;0;0;0;0;0;0;0;0;0;0;0;0;0;0;0;0;0;0;0;0;0;0
36160000;2;01/09/2010;0;0;0;0;0;0;0;0;0;0;0;0;0;0;0;0;0;0;0;0;0;0;0;0;0;0;0;0;0;0;0;
36160000;2;01/08/2010;0;0;0;0;0;0;0;0;0;0;0;0;0;0;0;0;0;0;0;0;0;0;0;0;0;0;0;0;0;0;0;0
36160000;2;01/07/2010;0;0;0;0;0;0;0;0;0;0;0;0;0;0;0;0;0;0;0;0;0;0;0;0;0;0;0;0;0;0;0;0
36160000;2;01/06/2010;0.196;0.742;0.672;0.672;0.672;0.672;0.817;0.897;0.742;0;0;0;0;0;0;0;0;0;0;0;0;0;0;0;0;0;0;0;0;0;0;
36160000;2;01/05/2010;4.47;7.383;5.744;5.252;4.787;5.252;6.532;5.495;4.787;3.934;3.545;3.181;2.84;2.372;19.677;19.677;7.681;5.252;3.737;3.181;2.678;2.227;2.088;1.702;1.954;1.472;1.364;1.163;1.069;0.897;0.817;0.817
36160000;2;01/04/2010;42.546;0;0.672;1.069;1.364;1.261;1.069;0.897;0.817;0.897;0.981;73.9;122.528;109.357;150.846;79.999;54.789;54.789;85.033;155.819;131.676;68.016;49.655;33.639;24.233;19.147;13.89;11.063;9.279;8.617;11.063;
36160000;2;01/03/2010;0;0;0;0;0;0;0;0;0;0;0;0;0;0;0;0;0;0;0;0;0;0;0;0;0;0;0;0;0;0;0;0
36160000;2;01/02/2010;0;0;0;0;0;0;0;0;0;0;0;0;0;0;0;0;0;0;0;0;0;0;0;0;0;0;0;0;0;;;
36160000;2;01/01/2010;0;0;0;0;0;0;0;0;0;0;0;0;0;0;0;0;0;0;0;0;0;0;0;0;0;0;0;0;0;0;0;0
36160000;2;01/12/2009;0;0;0;0;0;0;0;0;0;0;0;0;0;0;0;0;0;0;0;0;0;0;0;0;0;0;0;0;0;0;0;0
36160000;2;01/11/2009;0;0;0;0;0;0;0;0;0;0;0;0;0;0;0;0;0;0;0;0;0;0;0;0;0;0;0;0;0;0;0;
36160000;2;01/10/2009;0;0;0;0;0;0;0;0;0;0;0;0;0;0;0;0;0;0;0;0;0;0;0;0;0;0;0;0;0;0;0;0
36160000;2;01/09/2009;0.104;0.897;0.817;0.742;0.672;0;0;0;0;0;0;0;0;0;0;0;0;0;0;0;0;0;0;0;0;0;0;0;0;0;0;
36160000;2;01/08/2009;1.194;1.954;1.826;1.702;1.584;1.472;1.364;1.261;1.472;1.702;1.702;1.584;1.472;1.364;1.261;1.163;1.069;0.981;0.897;0.817;0.742;0.672;0.672;0;0;0;1.069;1.702;1.702;1.472;1.261;1.069
36160000;2;01/07/2009;2.842;4.564;4.348;4.138;3.934;3.737;3.545;3.36;3.181;3.007;2.84;2.678;2.678;2.84;2.678;2.522;2.372;2.227;2.227;2.227;2.088;2.088;2.227;2.522;2.84;2.84;2.678;2.522;2.522;2.372;2.227;2.088
36160000;2;01/06/2009;17.611;44.982;38.256;34.384;42.382;51.682;36.677;30.76;25.463;22.457;19.677;17.612;15.684;14.77;13.462;12.227;11.063;9.97;9.279;8.617;7.986;7.383;7.383;6.809;6.809;6.263;5.744;5.252;5.252;5.252;4.787;
36160000;2;01/05/2009;229.919;341.991;742.627;636.007;351.52;246.996;211.348;213.264;213.264;282.912;323.284;525.276;416.274;380.802;323.284;257.335;213.264;198.155;169.428;154.153;142.718;113.673;94.169;79.999;72.706;63.466;55.843;49.655;75.103;70.344;57.977;50.664
36160000;2;01/04/2009;205.736;3.007;2.84;2.84;2.678;12.631;47.676;54.789;34.384;20.762;17.612;18.627;19.677;63.466;152.496;251.109;280.74;232.84;112.226;130.131;90.203;71.521;116.592;496.973;910.675;776.379;654.845;485.847;346.741;393.309;368.475;
36160000;2;01/03/2009;18.042;7.681;6.263;30.76;127.065;95.508;48.655;26.092;20.215;12.227;10.691;10.691;10.691;8.617;7.093;6.809;11.443;8.617;8.944;8.617;13.89;21.883;12.227;8.617;6.809;5.495;4.787;4.138;3.545;4.138;3.737;3.36
36160000;2;01/02/2009;3.35;1.954;1.954;1.826;1.702;1.584;1.472;1.364;1.261;1.163;1.069;0.981;2.678;2.227;2.227;1.472;3.545;2.227;12.631;6.263;3.545;3.545;4.348;4.787;4.787;4.138;4.564;7.093;7.383;;;
36160000;2;01/01/2009;0.254;0;0;0;0;0;0;0;0;0;0;0;0;0;0;0;0;0;0;0;0;0;0;0;0;0;0;0;0;0;4.138;3.737
36160000;2;01/12/2008;0;0;0;0;0;0;0;0;0;0;0;0;0;0;0;0;0;0;0;0;0;0;0;0;0;0;0;0;0;0;0;0
36160000;2;01/11/2008;0;0;0;0;0;0;0;0;0;0;0;0;0;0;0;0;0;0;0;0;0;0;0;0;0;0;0;0;0;0;0;
36160000;2;01/10/2008;0;0;0;0;0;0;0;0;0;0;0;0;0;0;0;0;0;0;0;0;0;0;0;0;0;0;0;0;0;0;0;0
36160000;2;01/09/2008;0;0;0;0;0;0;0;0;0;0;0;0;0;0;0;0;0;0;0;0;0;0;0;0;0;0;0;0;0;0;0;
36160000;2;01/08/2008;1.814;1.163;1.261;1.364;1.472;1.472;1.472;1.364;1.364;2.372;3.737;3.545;3.36;3.181;2.84;2.678;2.522;2.372;2.227;2.088;1.954;1.702;1.472;1.364;1.261;1.261;1.163;1.069;0.897;0.817;0.742;0.672
36160000;2;01/07/2008;1.759;2.522;2.84;2.522;2.522;2.372;2.227;2.227;2.088;2.088;1.954;1.954;1.954;1.826;1.826;1.826;1.702;1.584;1.472;1.472;1.472;1.364;1.364;1.364;1.364;1.261;1.261;1.261;1.261;1.261;1.163;1.163
36160000;2;01/06/2008;5.575;10.691;9.97;9.97;9.279;8.617;7.986;7.986;7.383;6.809;6.263;6.263;5.744;5.744;5.252;5.252;5.017;4.787;4.564;4.348;4.138;3.934;3.737;3.545;3.36;3.181;3.007;2.84;2.678;2.522;2.372;
36160000;2;01/05/2008;84.864;167.699;272.124;221.003;205.648;172.91;201.886;296.103;160.863;141.117;116.592;85.033;68.016;63.466;61.244;46.768;39.875;38.256;36.677;33.639;29.379;23.04;20.762;18.627;16.631;15.684;14.77;13.89;13.89;13.042;11.443;10.691
36160000;2;01/04/2008;374.839;648.539;658.009;824.748;810.796;719.398;554.274;496.973;632.891;593.004;577.97;589.983;431.905;291.676;305.045;353.92;421.456;629.782;442.467;305.045;224.918;127.065;96.855;85.033;71.521;65.724;63.466;61.244;59.057;53.744;48.655;
36160000;2;01/03/2008;132.211;23.04;12.227;8.617;6.809;5.744;4.787;4.564;9.97;13.89;17.612;34.384;53.744;65.724;81.245;63.466;51.682;47.676;141.117;131.676;142.718;149.204;136.36;224.918;238.861;307.299;341.991;349.127;363.594;332.579;327.917;405.996
36160000;2;01/02/2008;13.63;9.62;31.465;23.632;11.443;7.681;8.298;6;6.263;6.263;4.787;3.545;3.181;24.233;36.677;17.117;9.279;9.97;39.875;23.632;12.631;8.617;6.263;5.017;4.348;3.737;3.181;16.631;15.223;36.677;;
36160000;2;01/01/2008;0.892;0;0;0;0;0;0;0;0;0;0;0;0;0;0;0;0;0;0;0;0;0;0;0;0;0;0;7.383;5.017;4.787;3.934;6.532
36160000;2;01/12/2007;0;0;0;0;0;0;0;0;0;0;0;0;0;0;0;0;0;0;0;0;0;0;0;0;0;0;0;0;0;0;0;0
36160000;2;01/11/2007;0;0;0;0;0;0;0;0;0;0;0;0;0;0;0;0;0;0;0;0;0;0;0;0;0;0;0;0;0;0;0;
36160000;2;01/10/2007;0;0;0;0;0;0;0;0;0;0;0;0;0;0;0;0;0;0;0;0;0;0;0;0;0;0;0;0;0;0;0;0
36160000;2;01/09/2007;0;0;0;0;0;0;0;0;0;0;0;0;0;0;0;0;0;0;0;0;0;0;0;0;0;0;0;0;0;0;0;
36160000;2;01/08/2007;0;0;0;0;0;0;0;0;0;0;0;0;0;0;0;0;0;0;0;0;0;0;0;0;0;0;0;0;0;0;0;0
36160000;2;01/07/2007;0;0;0;0;0;0;0;0;0;0;0;0;0;0;0;0;0;0;0;0;0;0;0;0;0;0;0;0;0;0;0;0
36160000;2;01/06/2007;0.971;2.227;2.088;1.954;1.954;1.826;1.702;1.584;1.472;1.364;1.261;1.163;1.069;0.981;0.897;0.817;0.817;0.742;0.897;0.817;0.742;0.742;0.672;0.672;0.672;0;0;0;0;0;0;
36160000;2;01/05/2007;13.888;43.238;46.768;48.655;56.905;48.655;30.76;23.04;16.631;13.042;10.691;9.279;7.986;7.383;6.809;6.263;5.744;5.252;4.787;4.138;4.138;3.737;3.545;3.181;2.84;2.678;2.522;2.372;2.372;2.522;2.372;2.227
36160000;2;01/04/2007;14.335;6.809;6.263;5.252;5.017;4.348;3.934;3.737;3.545;3.181;2.84;2.522;2.227;2.227;2.227;2.088;1.954;1.954;2.088;2.84;3.007;3.545;3.737;3.545;50.664;44.105;53.744;64.591;50.664;45.869;41.536;
36160000;2;01/03/2007;20.53;38.256;36.677;35.138;33.639;32.18;30.76;28.702;26.092;23.04;20.762;15.684;13.89;12.227;13.89;16.631;12.227;9.279;8.617;8.944;9.279;9.279;21.883;43.238;40.701;24.844;18.115;13.89;12.227;10.326;8.617;7.383
36160000;2;01/02/2007;29.366;0;0;0;0;0;0;0;0;0;0;0;0;0;0;0;0;0;35.903;82.499;95.508;136.36;102.328;90.203;75.103;61.244;54.789;46.768;41.536;;;
36160000;2;01/01/2007;0;0;0;0;0;0;0;0;0;0;0;0;0;0;0;0;0;0;0;0;0;0;0;0;0;0;0;0;0;0;0;0
36160000;2;01/12/2006;0;0;0;0;0;0;0;0;0;0;0;0;0;0;0;0;0;0;0;0;0;0;0;0;0;0;0;0;0;0;0;0
36160000;2;01/11/2006;0;0;0;0;0;0;0;0;0;0;0;0;0;0;0;0;0;0;0;0;0;0;0;0;0;0;0;0;0;0;0;
36160000;2;01/10/2006;0;0;0;0;0;0;0;0;0;0;0;0;0;0;0;0;0;0;0;0;0;0;0;0;0;0;0;0;0;0;0;0
36160000;2;01/09/2006;0;0;0;0;0;0;0;0;0;0;0;0;0;0;0;0;0;0;0;0;0;0;0;0;0;0;0;0;0;0;0;
36160000;2;01/08/2006;0;0;0;0;0;0;0;0;0;0;0;0;0;0;0;0;0;0;0;0;0;0;0;0;0;0;0;0;0;0;0;0
36160000;2;01/07/2006;0;0;0;0;0;0;0;0;0;0;0;0;0;0;0;0;0;0;0;0;0;0;0;0;0;0;0;0;0;0;0;0
36160000;2;01/06/2006;0.88;4.138;3.545;3.181;2.678;2.372;2.088;1.826;1.584;1.364;1.163;0.981;0.817;0.672;0;0;0;0;0;0;0;0;0;0;0;0;0;0;0;0;0;
36160000;2;01/05/2006;48.31;246.996;368.475;215.187;85.033;57.977;42.382;39.061;37.461;35.903;34.384;32.905;31.465;30.065;28.702;27.378;24.844;20.215;18.115;14.77;12.631;11.443;9.97;9.62;9.97;10.326;9.62;9.62;6.809;6;5.495;4.787
36160000;2;01/04/2006;88.873;263.628;62.351;44.105;43.238;41.536;39.875;39.061;130.131;178.19;133.229;196.301;77.534;54.789;52.708;50.664;55.843;44.982;41.536;51.682;79.999;86.313;309.561;213.264;139.523;69.176;47.676;35.138;29.379;26.731;28.036;
36160000;2;01/03/2006;25.862;10.691;10.326;10.691;12.631;10.691;8.298;7.383;7.093;6.809;6.532;6.263;6;5.744;5.495;44.105;32.905;12.631;17.117;25.463;35.903;32.18;18.627;10.691;38.256;76.314;39.875;82.499;40.701;43.238;47.676;88.898
36160000;2;01/02/2006;9.851;0;0;0;0;0;0;0;0;0;0;0;0;0;0;0;0;0;44.105;44.105;39.875;30.065;23.632;24.233;18.627;14.77;13.89;11.831;10.691;;;
36160000;2;01/01/2006;0;0;0;0;0;0;0;0;0;0;0;0;0;0;0;0;0;0;0;0;0;0;0;0;0;0;0;0;0;0;0;0
36160000;2;01/12/2005;0.018;0;0;0;0;0;0;0.543;0;0;0;0;0;0;0;0;0;0;0;0;0;0;0;0;0;0;0;0;0;0;0;0
36160000;2;01/11/2005;0;0;0;0;0;0;0;0;0;0;0;0;0;0;0;0;0;0;0;0;0;0;0;0;0;0;0;0;0;0;0;
36160000;2;01/10/2005;0;0;0;0;0;0;0;0;0;0;0;0;0;0;0;0;0;0;0;0;0;0;0;0;0;0;0;0;0;0;0;0
36160000;2;01/09/2005;0;0;0;0;0;0;0;0;0;0;0;0;0;0;0;0;0;0;0;0;0;0;0;0;0;0;0;0;0;0;0;
36160000;2;01/08/2005;0;0;0;0;0;0;0;0;0;0;0;0;0;0;0;0;0;0;0;0;0;0;0;0;0;0;0;0;0;0;0;0
36160000;2;01/07/2005;0;0;0;0;0;0;0;0;0;0;0;0;0;0;0;0;0;0;0;0;0;0;0;0;0;0;0;0;0;0;0;0
36160000;2;01/06/2005;0;0;0;0;0;0;0;0;0;0;0;0;0;0;0;0;0;0;0;0;0;0;0;0;0;0;0;0;0;0;0;
36160000;2;01/05/2005;0;0;0;0;0;0;0;0;0;0;0;0;0;0;0;0;0;0;0;0;0;0;0;0;0;0;0;0;0;0;0;0
36160000;2;01/04/2005;3.342;22.163;19.815;19.815;13.834;6.385;4.024;2.62;1.906;1.427;1.185;0.91;0.736;0.683;0.91;0.634;0.461;0.356;0.325;0.269;0.269;0.243;0.296;0.325;0.269;0.22;0.178;0;0;0;0;
36160000;2;01/03/2005;2.392;0;0;0;0;0;0;0;0;0;0;0;0;0;0;0;0;0;0;0;0;0;0;0;0;0;0;14.726;9.941;27.446;11.014;11.014
36160000;2;01/02/2005;0;0;0;0;0;0;0;0;0;0;0;0;0;0;0;0;0;0;0;0;0;0;0;0;0;0;0;0;0;;;
36160000;2;01/01/2005;0;0;0;0;0;0;0;0;0;0;0;0;0;0;0;0;0;0;0;0;0;0;0;0;0;0;0;0;0;0;0;0
36160000;2;01/12/2004;0;0;0;0;0;0;0;0;0;0;0;0;0;0;0;0;0;0;0;0;0;0;0;0;0;0;0;0;0;0;0;0
36160000;2;01/11/2004;0;0;0;0;0;0;0;0;0;0;0;0;0;0;0;0;0;0;0;0;0;0;0;0;0;0;0;0;0;0;0;
36160000;2;01/10/2004;0;0;0;0;0;0;0;0;0;0;0;0;0;0;0;0;0;0;0;0;0;0;0;0;0;0;0;0;0;0;0;0
36160000;2;01/09/2004;0;0;0;0;0;0;0;0;0;0;0;0;0;0;0;0;0;0;0;0;0;0;0;0;0;0;0;0;0;0;0;
36160000;2;01/08/2004;0;0;0;0;0;0;0;0;0;0;0;0;0;0;0;0;0;0;0;0;0;0;0;0;0;0;0;0;0;0;0;0
36160000;2;01/07/2004;0;0;0;0;0;0;0;0;0;0;0;0;0;0;0;0;0;0;0;0;0;0;0;0;0;0;0;0;0;0;0;0
36160000;2;01/06/2004;10.106;13.403;12.569;11.773;10.648;11.389;14.275;13.403;12.569;12.166;11.773;11.389;11.014;11.014;10.648;9.941;9.941;9.601;9.601;9.601;9.269;8.946;8.63;8.323;7.732;7.171;7.171;7.447;7.171;7.171;7.447;
36160000;2;01/05/2004;26.296;26.049;22.78;21.558;22.78;26.049;28.896;31.958;35.246;38.768;42.676;46.789;50.227;37.864;28.896;26.049;24.05;22.163;29.641;26.049;21.558;19.815;19.815;20.384;20.384;20.965;20.384;18.71;17.649;16.633;15.659;14.726
36160000;2;01/04/2004;62.245;50.227;47.636;63.306;80.277;67.344;53.797;78.036;128.016;158.884;223.652;155.635;98.186;74.739;62.317;53.797;48.491;44.297;38.768;34.402;32.759;30.4;28.164;26.741;25.37;24.05;23.409;23.409;29.641;31.958;29.641;
36160000;2;01/03/2004;349.096;1161.478;637.564;389.848;573.544;557.305;708.931;644.516;815.766;952.163;560.533;245.846;158.884;139.931;264.852;262.702;195.211;341.149;353.624;343.624;289.125;219.739;186.195;168.851;144.547;112.566;91.999;75.83;63.306;56.561;53.797;51.995
36160000;2;01/02/2004;951.777;1677.596;1689.321;1642.686;1631.137;2398.809;2276.01;1619.633;1269.578;796.093;616.951;416.897;254.198;425.204;374.09;250.003;705.265;1766.612;1289.793;676.308;295.946;316.924;655.022;606.782;343.624;488.84;513.175;309.845;880.474;1414.723;;
36160000;2;01/01/2004;368.393;0;0;0;0;0;0;0;0;0;0;0;0;0;0;0;0;0;0;361.225;387.198;593.365;712.607;690.705;573.544;772.827;796.093;831.693;1118.752;1425.417;1671.75;1485.011
36160000;2;01/12/2003;0;0;0;0;0;0;0;0;0;0;0;0;0;0;0;0;0;0;0;0;0;0;0;0;0;0;0;0;0;0;0;0
36160000;2;01/11/2003;0;0;0;0;0;0;0;0;0;0;0;0;0;0;0;0;0;0;0;0;0;0;0;0;0;0;0;0;0;0;0;
36160000;2;01/10/2003;0;0;0;0;0;0;0;0;0;0;0;0;0;0;0;0;0;0;0;0;0;0;0;0;0;0;0;0;0;0;0;0
36160000;2;01/09/2003;0;0;0;0;0;0;0;0;0;0;0;0;0;0;0;0;0;0;0;0;0;0;0;0;0;0;0;0;0;0;0;
36160000;2;01/08/2003;0;0;0;0;0;0;0;0;0;0;0;0;0;0;0;0;0;0;0;0;0;0;0;0;0;0;0;0;0;0;0;0
36160000;2;01/07/2003;0;0;0;0;0;0;0;0;0;0;0;0;0;0;0;0;0;0;0;0;0;0;0;0;0;0;0;0;0;0;0;0
36160000;2;01/06/2003;0.743;1.515;1.185;1.185;1.041;0.974;0.849;0.736;0.91;0.683;0.791;0.587;0.501;0.543;0.501;0.461;0.501;0.424;0.424;0.461;0.356;0.501;0.791;1.262;1.185;0.849;0.791;0.736;0.683;0.501;0.356;
36160000;2;01/05/2003;11.639;22.163;7.447;6.138;1.702;4.592;6.64;108.539;60.365;54.71;22.163;13.834;10.29;6.902;5.663;4.207;2.755;1.702;0.791;1.111;2.62;1.515;2.364;1.606;1.342;1.427;1.342;1.262;1.262;1.342;1.515;1.515
36160000;2;01/04/2003;20.005;76.929;93.219;68.375;60.365;41.878;26.741;19.815;20.965;14.275;11.773;8.023;13.403;9.941;4.397;2.62;25.37;17.136;9.269;13.834;10.29;5.436;3.508;2.126;1.427;1.606;1.702;5.215;7.732;11.389;11.389;
36160000;2;01/03/2003;113.107;34.402;21.558;19.815;15.659;7.447;12.569;18.174;21.558;38.768;16.141;11.014;2.895;6.138;3.674;4.794;2.895;3.191;25.37;67.344;411.409;507.031;250.003;208.223;302.852;503.974;293.663;231.591;175.678;149.245;62.317;76.929
36160000;2;01/02/2003;10.896;0;0;0;0;0;0;0;0;0;0;0;0;0;0;0;0;0;0;1.906;1.906;0.543;0.198;2.755;54.71;60.365;51.995;53.797;76.929;;;
36160000;2;01/01/2003;0;0;0;0;0;0;0;0;0;0;0;0;0;0;0;0;0;0;0;0;0;0;0;0;0;0;0;0;0;0;0;0
36160000;2;01/12/2002;0;0;0;0;0;0;0;0;0;0;0;0;0;0;0;0;0;0;0;0;0;0;0;0;0;0;0;0;0;0;0;0
36160000;2;01/11/2002;0;0;0;0;0;0;0;0;0;0;0;0;0;0;0;0;0;0;0;0;0;0;0;0;0;0;0;0;0;0;0;
36160000;2;01/10/2002;0;0;0;0;0;0;0;0;0;0;0;0;0;0;0;0;0;0;0;0;0;0;0;0;0;0;0;0;0;0;0;0
36160000;2;01/09/2002;0;0;0;0;0;0;0;0;0;0;0;0;0;0;0;0;0;0;0;0;0;0;0;0;0;0;0;0;0;0;0;
36160000;2;01/08/2002;0;0;0;0;0;0;0;0;0;0;0;0;0;0;0;0;0;0;0;0;0;0;0;0;0;0;0;0;0;0;0;0
36160000;2;01/07/2002;0;0;0;0;0;0;0;0;0;0;0;0;0;0;0;0;0;0;0;0;0;0;0;0;0;0;0;0;0;0;0;0
36160000;2;01/06/2002;0.416;1.906;1.342;1.041;1.262;1.427;1.427;1.702;1.342;1.041;0;0;0;0;0;0;0;0;0;0;0;0;0;0;0;0;0;0;0;0;0;
36160000;2;01/05/2002;3.397;2.62;2.755;6.138;6.64;8.946;6.138;4.592;3.191;3.041;2.755;2.364;2.62;1.802;1.515;1.702;1.702;1.427;1.906;1.427;1.262;1.262;2.242;3.041;4.397;7.171;8.323;4.024;3.191;2.62;2.242;2.242
36160000;2;01/04/2002;8.362;19.815;22.78;7.732;14.726;8.63;15.187;3.674;5.001;14.275;12.981;10.648;6.138;7.171;7.447;8.023;9.269;8.023;6.138;3.347;10.29;7.447;7.732;6.64;5.897;5.215;4.397;3.674;2.895;3.041;2.62;
36160000;2;01/03/2002;11.516;1.702;1.427;1.185;1.262;1.185;2.126;3.347;3.674;33.573;25.37;14.275;9.269;4.592;3.041;2.62;2.364;2.013;3.347;4.592;31.172;16.633;27.446;24.704;22.78;13.403;17.136;36.104;31.172;5.897;4.794;4.794
36160000;2;01/02/2002;12.665;16.141;12.166;26.741;26.049;18.174;15.659;15.187;12.166;10.29;11.773;23.409;26.741;19.815;16.141;18.71;13.834;8.946;6.385;13.834;11.014;7.171;5.897;4.397;3.508;3.191;2.895;2.364;2.013;;;
36160000;2;01/01/2002;86.529;0;0;0;0;0;0;0;0;0;0;0;31.172;31.958;34.402;35.246;143;152.422;149.245;155.635;368.915;644.516;149.245;98.186;86.03;68.375;162.17;165.492;123.696;33.573;28.164;20.965
36160000;2;01/12/2001;0;0;0;0;0;0;0;0;0;0;0;0;0;0;0;0;0;0;0;0;0;0;0;0;0;0;0;0;0;0;0;0
36160000;2;01/11/2001;0;0;0;0;0;0;0;0;0;0;0;0;0;0;0;0;0;0;0;0;0;0;0;0;0;0;0;0;0;0;0;
36160000;2;01/10/2001;0;0;0;0;0;0;0;0;0;0;0;0;0;0;0;0;0;0;0;0;0;0;0;0;0;0;0;0;0;0;0;0
36160000;2;01/09/2001;0;0;0;0;0;0;0;0;0;0;0;0;0;0;0;0;0;0;0;0;0;0;0;0;0;0;0;0;0;0;0;
36160000;2;01/08/2001;0;0;0;0;0;0;0;0;0;0;0;0;0;0;0;0;0;0;0;0;0;0;0;0;0;0;0;0;0;0;0;0
36160000;2;01/07/2001;0;0;0;0;0;0;0;0;0;0;0;0;0;0;0;0;0;0;0;0;0;0;0;0;0;0;0;0;0;0;0;0
36160000;2;01/06/2001;0;0;0;0;0;0;0;0;0;0;0;0;0;0;0;0;0;0;0;0;0;0;0;0;0;0;0;0;0;0;0;
36160000;2;01/05/2001;0;0;0;0;0;0;0;0;0;0;0;0;0;0;0;0;0;0;0;0;0;0;0;0;0;0;0;0;0;0;0;0
36160000;2;01/04/2001;0;0;0;0;0;0;0;0;0;0;0;0;0;0;0;0;0;0;0;0;0;0;0;0;0;0;0;0;0;0;0;
36160000;2;01/03/2001;0;0;0;0;0;0;0;0;0;0;0;0;0;0;0;0;0;0;0;0;0;0;0;0;0;0;0;0;0;0;0;0
36160000;2;01/02/2001;0;0;0;0;0;0;0;0;0;0;0;0;0;0;0;0;0;0;0;0;0;0;0;0;0;0;0;0;0;;;
36160000;2;01/01/2001;0;0;0;0;0;0;0;0;0;0;0;0;0;0;0;0;0;0;0;0;0;0;0;0;0;0;0;0;0;0;0;0
36160000;2;01/12/2000;0;0;0;0;0;0;0;0;0;0;0;0;0;0;0;0;0;0;0;0;0;0;0;0;0;0;0;0;0;0;0;0
36160000;2;01/11/2000;0;0;0;0;0;0;0;0;0;0;0;0;0;0;0;0;0;0;0;0;0;0;0;0;0;0;0;0;0;0;0;
36160000;2;01/10/2000;0;0;0;0;0;0;0;0;0;0;0;0;0;0;0;0;0;0;0;0;0;0;0;0;0;0;0;0;0;0;0;0
36160000;2;01/09/2000;0;0;0;0;0;0;0;0;0;0;0;0;0;0;0;0;0;0;0;0;0;0;0;0;0;0;0;0;0;0;0;
36160000;2;01/08/2000;0;0;0;0;0;0;0;0;0;0;0;0;0;0;0;0;0;0;0;0;0;0;0;0;0;0;0;0;0;0;0;0
36160000;2;01/07/2000;0;0;0;0;0;0;0;0;0;0;0;0;0;0;0;0;0;0;0;0;0;0;0;0;0;0;0;0;0;0;0;0
36160000;2;01/06/2000;0.926;1.606;1.515;1.427;1.342;1.262;1.185;1.041;0.91;0.849;1.041;0.91;0.849;0.736;0.634;0.683;0.683;0.587;0.587;0.683;0.634;0.683;0.91;1.041;1.111;0.974;0.849;0.849;0.791;0.634;0.791;
36160000;2;01/05/2000;4.807;11.389;10.29;9.601;8.63;7.732;7.447;7.171;6.64;6.64;6.138;5.663;5.215;4.592;4.592;4.207;3.846;3.674;3.508;3.347;3.191;3.041;2.895;2.755;2.62;2.489;2.364;2.126;1.906;1.802;1.802;1.702
36160000;2;01/04/2000;56.19;35.246;39.533;47.636;36.977;27.446;19.256;12.981;9.941;8.323;7.171;18.71;41.089;59.401;103.292;104.59;51.107;83.703;289.125;202.591;143;95.685;57.5;43.482;35.246;27.446;22.163;18.71;16.633;14.726;12.981;
36160000;2;01/03/2000;23.822;18.71;19.256;23.409;24.05;19.256;17.136;18.71;15.187;14.275;11.773;9.941;8.63;7.171;6.138;37.864;98.186;100.721;52.892;31.958;20.965;16.633;20.965;17.136;12.166;11.389;8.63;8.946;12.981;18.174;24.05;31.172
36160000;2;01/02/2000;13.36;0;0;0;0;0;0;0;0;0;0;0;0;0;0;0;0;0;5.897;22.163;11.014;12.569;13.834;20.965;61.337;76.929;69.415;49.355;24.704;19.256;;
36160000;2;01/01/2000;2.87;0;0;0;0;0;0;0;0;0;0;0;0;0;0;0;24.05;13.403;8.323;6.64;6.138;5.436;4.024;3.674;3.347;2.895;3.041;2.895;2.62;2.489;0;0
36160000;2;01/12/1999;0;0;0;0;0;0;0;0;0;0;0;0;0;0;0;0;0;0;0;0;0;0;0;0;0;0;0;0;0;0;0;0
36160000;2;01/11/1999;0;0;0;0;0;0;0;0;0;0;0;0;0;0;0;0;0;0;0;0;0;0;0;0;0;0;0;0;0;0;0;
36160000;2;01/10/1999;0;0;0;0;0;0;0;0;0;0;0;0;0;0;0;0;0;0;0;0;0;0;0;0;0;0;0;0;0;0;0;0
36160000;2;01/09/1999;0;0;0;0;0;0;0;0;0;0;0;0;0;0;0;0;0;0;0;0;0;0;0;0;0;0;0;0;0;0;0;
36160000;2;01/08/1999;0;0;0;0;0;0;0;0;0;0;0;0;0;0;0;0;0;0;0;0;0;0;0;0;0;0;0;0;0;0;0;0
36160000;2;01/07/1999;0;0;0;0;0;0;0;0;0;0;0;0;0;0;0;0;0;0;0;0;0;0;0;0;0;0;0;0;0;0;0;0
36160000;2;01/06/1999;1.61;5.436;4.592;3.846;3.191;2.895;2.755;2.489;2.242;1.906;1.702;1.606;1.606;1.515;1.515;1.427;1.342;1.342;1.185;0.849;0.849;0.849;0.849;0.791;0.791;0.736;0;0;0;0;0;
36160000;2;01/05/1999;16.391;3.347;4.397;2.755;2.489;2.364;4.207;4.397;14.726;19.256;10.648;8.323;6.902;42.676;12.981;13.403;17.649;57.5;51.995;22.163;15.659;12.569;11.014;8.946;18.71;49.355;24.05;22.163;16.141;10.648;8.946;7.732
36160000;2;01/04/1999;11.093;21.558;18.174;17.649;15.659;13.834;12.166;10.29;8.946;8.323;7.732;7.447;7.171;8.63;7.171;26.049;18.174;12.166;9.941;5.897;6.138;12.569;6.902;6.385;5.663;24.704;12.166;7.732;5.663;4.207;3.674;
36160000;2;01/03/1999;42.256;3.347;2.895;4.024;5.001;8.323;36.977;50.227;58.446;64.302;51.107;31.958;22.163;38.768;86.03;76.929;54.71;40.307;139.931;105.898;61.337;45.95;35.246;35.246;29.641;23.409;18.71;25.37;40.307;42.676;39.533;31.172
36160000;2;01/02/1999;1.447;9.941;3.041;1.702;0.791;0.501;0;0;0.91;0.325;0;0;0;0;0;0;0;0;0;0;0;0;0;5.215;2.62;4.397;4.207;3.191;3.674;;;
36160000;2;01/01/1999;0.13;0;0;0;0;0;0;0;0;0;0;0;0;0;0;0;0;0;0;0;0;0;0;0;0;0;0;0;0;0;0;4.024
36160000;2;01/12/1998;0;0;0;0;0;0;0;0;0;0;0;0;0;0;0;0;0;0;0;0;0;0;0;0;0;0;0;0;0;0;0;0
36160000;2;01/11/1998;0;0;0;0;0;0;0;0;0;0;0;0;0;0;0;0;0;0;0;0;0;0;0;0;0;0;0;0;0;0;0;
36160000;2;01/10/1998;0;0;0;0;0;0;0;0;0;0;0;0;0;0;0;0;0;0;0;0;0;0;0;0;0;0;0;0;0;0;0;0
36160000;2;01/09/1998;0;0;0;0;0;0;0;0;0;0;0;0;0;0;0;0;0;0;0;0;0;0;0;0;0;0;0;0;0;0;0;
36160000;2;01/08/1998;0;0;0;0;0;0;0;0;0;0;0;0;0;0;0;0;0;0;0;0;0;0;0;0;0;0;0;0;0;0;0;0
36160000;2;01/07/1998;0;0;0;0;0;0;0;0;0;0;0;0;0;0;0;0;0;0;0;0;0;0;0;0;0;0;0;0;0;0;0;0
36160000;2;01/06/1998;0;0;0;0;0;0;0;0;0;0;0;0;0;0;0;0;0;0;0;0;0;0;0;0;0;0;0;0;0;0;0;
36160000;2;01/05/1998;1.817;5.001;4.592;4.397;4.207;4.024;3.846;3.674;3.347;3.041;3.041;2.895;2.755;2.364;2.126;1.906;1.802;1.702;1.606;0;0;0;0;0;0;0;0;0;0;0;0;0
36160000;2;01/04/1998;7.65;4.397;36.104;8.946;17.649;0;0;0;0;0;0;0;0;0;0;0;0;0;31.172;19.815;19.256;15.659;12.981;10.648;9.601;8.63;8.023;7.447;6.902;6.385;5.897;
36160000;2;01/03/1998;10.127;0;0;0;0;0;0;0;0;0;0;0;0;0;0;0;0;0;0.849;0.849;0;7.171;5.001;34.402;64.302;84.862;58.446;29.641;23.409;0;0;5.001
36160000;2;01/02/1998;0.129;1.185;0.849;0.791;0.791;0;0;0;0;0;0;0;0;0;0;0;0;0;0;0;0;0;0;0;0;0;0;0;0;;;
36160000;2;01/01/1998;0.051;0;0;0;0;0;0;0;0;0;0;0;0;0;0;0;0;0;0;0;0;0;0;0;0;0;0;0;0;0;0.791;0.791
36160000;2;01/12/1997;0;0;0;0;0;0;0;0;0;0;0;0;0;0;0;0;0;0;0;0;0;0;0;0;0;0;0;0;0;0;0;0
36160000;2;01/11/1997;0;0;0;0;0;0;0;0;0;0;0;0;0;0;0;0;0;0;0;0;0;0;0;0;0;0;0;0;0;0;0;
36160000;2;01/10/1997;0;0;0;0;0;0;0;0;0;0;0;0;0;0;0;0;0;0;0;0;0;0;0;0;0;0;0;0;0;0;0;0
36160000;2;01/09/1997;0;0;0;0;0;0;0;0;0;0;0;0;0;0;0;0;0;0;0;0;0;0;0;0;0;0;0;0;0;0;0;
36160000;2;01/08/1997;0.013;0.389;0;0;0;0;0;0;0;0;0;0;0;0;0;0;0;0;0;0;0;0;0;0;0;0;0;0;0;0;0;0
36160000;2;01/07/1997;0.85;0.736;0.791;0.791;0.849;0.91;1.111;1.111;1.041;1.041;1.041;0.974;0.974;0.974;0.974;0.974;0.974;0.974;0.974;0.974;0.974;0.91;0.849;0.791;0.736;0.736;0.634;0.587;0.543;0.501;0.461;0.461
36160000;2;01/06/1997;3.193;5.897;5.897;5.436;5.436;5.436;5.436;5.215;4.397;3.846;3.846;3.846;3.674;3.191;3.041;3.041;3.041;3.041;2.489;2.364;2.242;2.126;2.013;1.906;1.702;1.606;1.427;1.262;1.111;0.974;0.849;
36160000;2;01/05/1997;18.905;79.152;55.631;40.307;34.402;32.759;34.402;33.573;22.163;18.174;14.275;12.981;12.166;10.648;10.29;10.648;10.29;10.29;10.29;10.29;9.269;8.63;8.63;8.946;11.773;12.569;13.834;13.834;13.403;10.648;5.897;5.897
36160000;2;01/04/1997;91.22;319.303;197.042;314.555;245.846;158.884;78.036;103.292;66.322;48.491;45.119;41.089;29.641;21.558;16.633;19.815;51.995;225.623;167.167;86.03;67.344;60.365;42.676;39.533;35.246;37.864;43.482;46.789;36.104;27.446;63.306;
36160000;2;01/03/1997;;3.191;3.041;2.755;3.191;2.895;;;;;;;;;;;;;;;;;73.657;112.566;187.979;229.592;252.096;326.498;528.709;708.931;888.75;623.781
36160000;2;01/02/1997;25.008;11.773;9.269;8.323;6.902;5.897;8.323;6.902;5.436;5.001;4.794;8.946;51.995;107.214;157.255;89.586;57.5;51.107;33.573;14.275;10.648;9.269;7.447;6.385;5.663;5.001;4.207;4.024;3.508;;;
36160000;2;01/01/1997;4.832;0;0;0;0;0;0;0;0;0;0;0;0;0;0;0;0;0;0;0;0;0;0;0;0;0;0;0;0;86.03;47.636;16.141
36160000;2;01/12/1996;0;0;0;0;0;0;0;0;0;0;0;0;0;0;0;0;0;0;0;0;0;0;0;0;0;0;0;0;0;0;0;0
36160000;2;01/11/1996;0;0;0;0;0;0;0;0;0;0;0;0;0;0;0;0;0;0;0;0;0;0;0;0;0;0;0;0;0;0;0;
36160000;2;01/10/1996;0.006;0.198;0;0;0;0;0;0;0;0;0;0;0;0;0;0;0;0;0;0;0;0;0;0;0;0;0;0;0;0;0;0
36160000;2;01/09/1996;0.205;0.22;0.22;0.22;0.22;0.22;0.22;0.22;0.22;0.22;0.198;0.198;0.198;0.198;0.198;0.198;0.198;0.198;0.198;0.198;0.198;0.198;0.198;0.198;0.198;0.198;0.198;0.198;0.198;0.198;0.198;
36160000;2;01/08/1996;0.471;0.974;0.974;0.974;0.91;0.91;0.849;0.849;0.791;0.683;0.587;0.501;0.389;0.389;0.356;0.325;0.296;0.269;0.269;0.269;0.269;0.269;0.269;0.269;0.269;0.243;0.243;0.243;0.243;0.243;0.243;0.243
36160000;2;01/07/1996;1.63;2.489;2.364;2.242;2.242;2.126;2.013;1.802;1.802;1.802;1.802;1.702;1.702;1.702;1.702;1.606;1.606;1.606;1.606;1.515;1.515;1.515;1.427;1.342;1.342;1.342;1.262;1.185;1.111;1.041;1.041;0.974
36160000;2;01/06/1996;3.803;5.663;5.663;5.663;5.215;5.215;5.215;4.794;4.794;4.794;4.397;4.397;4.024;4.024;3.674;3.674;3.347;3.347;3.041;3.041;3.041;3.041;3.041;2.755;2.755;2.755;2.62;2.62;2.489;2.489;2.489;
36160000;2;01/05/1996;46.592;98.186;80.277;125.127;116.673;128.016;193.389;128.016;123.696;66.322;47.636;43.482;43.482;51.995;37.864;25.37;12.569;11.389;10.648;9.941;9.601;9.601;9.269;8.323;8.323;7.732;7.171;6.64;6.138;6.138;5.663;5.663
36160000;2;01/04/1996;62.429;66.322;56.561;43.482;47.636;39.533;22.78;22.78;21.558;31.172;61.337;88.392;56.561;43.482;22.78;31.172;56.561;104.59;108.539;99.449;47.636;39.533;64.302;94.448;83.703;76.929;113.926;125.127;61.337;76.929;64.302;
36160000;2;01/03/1996;88.202;343.624;273.545;179.147;314.555;212.025;130.941;66.322;66.322;65.308;58.446;58.446;52.892;51.107;58.446;53.797;51.107;45.95;36.977;30.4;43.482;56.561;50.227;38.768;45.119;50.227;63.306;54.71;51.995;47.636;47.636;35.246
36160000;2;01/02/1996;55.812;27.446;27.446;49.355;51.995;44.297;44.297;45.95;53.797;42.676;36.977;31.958;28.164;26.741;24.704;22.78;20.965;51.995;50.227;42.676;38.768;63.306;44.297;46.789;66.322;66.322;112.566;125.127;202.591;128.016;;
36160000;2;01/01/1996;14.449;0;0;0;0;0;0;0;0;0;0;0;0;0;0;0;0;0;0;0;0;0;0;81.41;66.322;66.322;53.797;46.789;40.307;34.402;30.4;28.164
36160000;2;01/12/1995;0;0;0;0;0;0;0;0;0;0;0;0;0;0;0;0;0;0;0;0;0;0;0;0;0;0;0;0;0;0;0;0
36160000;2;01/11/1995;0;0;0;0;0;0;0;0;0;0;0;0;0;0;0;0;0;0;0;0;0;0;0;0;0;0;0;0;0;0;0;
36160000;2;01/10/1995;0;0;0;0;0;0;0;0;0;0;0;0;0;0;0;0;0;0;0;0;0;0;0;0;0;0;0;0;0;0;0;0
36160000;2;01/09/1995;0;0;0;0;0;0;0;0;0;0;0;0;0;0;0;0;0;0;0;0;0;0;0;0;0;0;0;0;0;0;0;
36160000;2;01/08/1995;0;0;0;0;0;0;0;0;0;0;0;0;0;0;0;0;0;0;0;0;0;0;0;0;0;0;0;0;0;0;0;0
36160000;2;01/07/1995;0;0;0;0;0;0;0;0;0;0;0;0;0;0;0;0;0;0;0;0;0;0;0;0;0;0;0;0;0;0;0;0
36160000;2;01/06/1995;8.038;22.78;22.163;21.558;20.965;18.71;16.633;12.981;9.941;8.323;7.732;7.171;8.023;6.64;6.138;6.138;5.663;5.215;4.794;4.397;4.207;4.024;3.846;3.508;3.347;3.191;3.041;0;0;0;0;
36160000;2;01/05/1995;18.969;12.569;11.389;14.726;22.163;20.965;20.384;19.815;19.815;19.256;19.256;19.256;19.256;19.256;18.71;18.174;17.136;16.141;15.659;15.187;14.726;12.981;11.773;11.389;16.141;24.05;28.896;32.759;24.05;24.05;24.05;24.05
36160000;2;01/04/1995;142.505;37.864;29.641;24.05;22.163;19.815;262.702;381.925;262.702;319.303;241.726;275.742;241.726;221.691;262.702;250.003;237.644;250.003;227.603;184.419;150.829;107.214;71.519;49.355;33.573;24.05;20.384;18.174;17.136;15.659;13.834;
36160000;2;01/03/1995;80.301;177.408;479.879;212.025;103.292;66.322;43.482;29.641;24.05;24.05;35.246;24.05;8.323;7.732;6.902;12.569;9.941;45.95;37.864;52.892;36.977;94.448;123.696;231.591;98.186;69.415;89.586;91.999;69.415;65.308;63.306;53.797
36160000;2;01/02/1995;19.115;0;0;0;0;0;0;0;0;0;0;0;0;0;0;0;0;0;0;0;0;23.409;16.633;40.307;64.302;55.631;184.419;87.207;63.306;;;
36160000;2;01/01/1995;0;0;0;0;0;0;0;0;0;0;0;0;0;0;0;0;0;0;0;0;0;0;0;0;0;0;0;0;0;0;0;0
36160000;2;01/12/1994;0;0;0;0;0;0;0;0;0;0;0;0;0;0;0;0;0;0;0;0;0;0;0;0;0;0;0;0;0;0;0;0
36160000;2;01/11/1994;0;0;0;0;0;0;0;0;0;0;0;0;0;0;0;0;0;0;0;0;0;0;0;0;0;0;0;0;0;0;0;
36160000;2;01/10/1994;0;0;0;0;0;0;0;0;0;0;0;0;0;0;0;0;0;0;0;0;0;0;0;0;0;0;0;0;0;0;0;0
36160000;2;01/09/1994;0;0;0;0;0;0;0;0;0;0;0;0;0;0;0;0;0;0;0;0;0;0;0;0;0;0;0;0;0;0;0;
36160000;2;01/08/1994;0.049;0.634;0.501;0.389;0;0;0;0;0;0;0;0;0;0;0;0;0;0;0;0;0;0;0;0;0;0;0;0;0;0;0;0
36160000;2;01/07/1994;2.612;5.215;4.794;4.794;4.397;4.024;3.674;3.674;3.347;3.347;3.191;3.041;2.895;2.895;2.755;2.62;2.489;2.242;2.013;1.906;1.906;1.802;1.802;1.702;1.702;1.606;1.515;1.427;1.262;1.111;0.974;0.849
36160000;2;01/06/1994;5.424;7.171;7.171;6.64;6.385;8.946;7.171;8.323;7.732;7.171;6.64;5.897;5.215;4.794;4.207;3.508;3.508;3.674;3.508;3.347;3.347;3.041;3.041;2.895;3.041;3.508;4.592;7.732;7.732;6.902;5.897;
36160000;2;01/05/1994;15.23;17.649;11.773;9.601;13.834;12.166;11.773;24.05;14.726;10.648;8.323;6.385;6.385;5.663;5.215;5.436;6.138;10.648;66.322;81.41;31.172;19.815;13.403;11.389;9.941;10.29;9.269;7.447;8.023;8.323;8.023;6.902
36160000;2;01/04/1994;23.972;24.704;12.981;8.023;10.648;15.659;9.941;8.63;16.633;21.558;22.78;18.71;31.172;24.05;19.815;14.726;12.981;18.174;78.036;51.995;86.03;60.365;34.402;23.409;18.71;16.141;11.773;13.403;9.941;9.941;13.834;
36160000;2;01/03/1994;0.255;0;0;5.663;2.242;0;0;0;0;0;0;0;0;0;0;0;0;0;0;0;0;0;0;0;0;0;0;0;0;0;0;0
36160000;2;01/02/1994;0;0;0;0;0;0;0;0;0;0;0;0;0;0;0;0;0;0;0;0;0;0;0;0;0;0;0;0;0;;;
36160000;2;01/01/1994;0;0;0;0;0;0;0;0;0;0;0;0;0;0;0;0;0;0;0;0;0;0;0;0;0;0;0;0;0;0;0;0
36160000;2;01/12/1993;0;0;0;0;0;0;0;0;0;0;0;0;0;0;0;0;0;0;0;0;0;0;0;0;0;0;0;0;0;0;0;0
36160000;2;01/11/1993;0;0;0;0;0;0;0;0;0;0;0;0;0;0;0;0;0;0;0;0;0;0;0;0;0;0;0;0;0;0;0;
36160000;2;01/10/1993;0;0;0;0;0;0;0;0;0;0;0;0;0;0;0;0;0;0;0;0;0;0;0;0;0;0;0;0;0;0;0;0
36160000;2;01/09/1993;0;0;0;0;0;0;0;0;0;0;0;0;0;0;0;0;0;0;0;0;0;0;0;0;0;0;0;0;0;0;0;
36160000;2;01/08/1993;0;0;0;0;0;0;0;0;0;0;0;0;0;0;0;0;0;0;0;0;0;0;0;0;0;0;0;0;0;0;0;0
36160000;2;01/07/1993;0;0;0;0;0;0;0;0;0;0;0;0;0;0;0;0;0;0;0;0;0;0;0;0;0;0;0;0;0;0;0;0
36160000;2;01/06/1993;0;0;0;0;0;0;0;0;0;0;0;0;0;0;0;0;0;0;0;0;0;0;0;0;0;0;0;0;0;0;0;
36160000;2;01/05/1993;3.385;3.508;4.207;3.508;11.389;7.171;7.171;4.592;5.001;4.207;3.674;3.191;2.62;2.364;2.126;2.013;2.126;2.489;2.895;3.674;3.846;4.207;4.592;3.347;2.62;2.013;1.515;1.185;1.111;0.974;0.849;0.736
36160000;2;01/04/1993;4.411;4.397;42.676;24.05;11.014;5.215;3.041;2.126;1.802;1.606;2.755;4.024;3.508;2.895;2.489;2.242;2.013;1.802;1.515;1.111;0.974;0.849;0.849;0.849;0.791;0.791;0.736;0.683;0.683;0.634;4.207;
36160000;2;01/03/1993;3.08;0;0;0;0;0;26.741;11.389;7.732;6.385;5.436;4.592;3.508;2.489;1.702;1.342;1.185;0.91;0.849;0.736;0.634;0.543;0.424;0.325;0.325;0.325;0.325;0.325;0.356;2.755;8.023;6.138
36160000;2;01/02/1993;0;0;0;0;0;0;0;0;0;0;0;0;0;0;0;0;0;0;0;0;0;0;0;0;0;0;0;0;0;;;
36160000;2;01/01/1993;0;0;0;0;0;0;0;0;0;0;0;0;0;0;0;0;0;0;0;0;0;0;0;0;0;0;0;0;0;0;0;0
36160000;2;01/12/1992;0;0;0;0;0;0;0;0;0;0;0;0;0;0;0;0;0;0;0;0;0;0;0;0;0;0;0;0;0;0;0;0
36160000;2;01/11/1992;0;0;0;0;0;0;0;0;0;0;0;0;0;0;0;0;0;0;0;0;0;0;0;0;0;0;0;0;0;0;0;
36160000;2;01/10/1992;0;0;0;0;0;0;0;0;0;0;0;0;0;0;0;0;0;0;0;0;0;0;0;0;0;0;0;0;0;0;0;0
36160000;2;01/09/1992;0;0;0;0;0;0;0;0;0;0;0;0;0;0;0;0;0;0;0;0;0;0;0;0;0;0;0;0;0;0;0;
36160000;2;01/08/1992;0;0;0;0;0;0;0;0;0;0;0;0;0;0;0;0;0;0;0;0;0;0;0;0;0;0;0;0;0;0;0;0
36160000;2;01/07/1992;0.025;0.389;0.389;0;0;0;0;0;0;0;0;0;0;0;0;0;0;0;0;0;0;0;0;0;0;0;0;0;0;0;0;0
36160000;2;01/06/1992;1.1;1.606;1.606;1.606;1.515;1.515;1.427;1.427;1.427;1.427;1.342;1.342;1.342;1.262;1.262;1.185;1.111;1.041;0.974;0.974;0.91;0.91;0.849;0.791;0.736;0.683;0.634;0.587;0.543;0.501;0.461;
36160000;2;01/05/1992;3.317;5.663;5.436;5.001;4.794;4.794;4.592;4.592;4.592;4.397;4.397;4.207;3.846;3.508;3.191;3.041;2.895;2.755;2.755;2.755;2.755;2.755;2.62;2.489;2.126;2.126;2.013;2.013;1.906;1.606;1.606;1.606
36160000;2;01/04/1992;37.496;17.136;15.659;81.41;233.599;197.042;88.392;61.337;46.789;43.482;44.297;30.4;26.741;24.05;23.409;21.558;21.558;17.136;15.659;14.275;13.403;12.569;11.389;10.29;9.601;8.946;8.323;7.732;6.902;6.138;5.663;
36160000;2;01/03/1992;25.415;18.174;17.649;40.307;52.892;36.977;20.965;16.141;13.834;12.166;13.834;41.878;27.446;17.649;15.187;12.981;13.834;13.403;12.569;14.726;19.815;17.649;14.726;15.659;31.958;55.631;46.789;59.401;44.297;28.896;22.78;17.649
36160000;2;01/02/1992;34.831;0;22.78;21.558;20.384;19.256;18.174;17.136;16.141;15.187;14.275;13.403;15.659;15.659;13.834;20.965;33.573;44.297;98.186;61.337;31.172;35.246;116.673;113.926;68.375;34.402;24.05;47.636;32.759;24.05;;
36160000;2;01/01/1992;0;0;0;0;0;0;0;0;0;0;0;0;0;0;0;0;0;0;0;0;0;0;0;0;0;0;0;0;0;0;0;0
36160000;2;01/12/1991;0;0;0;0;0;0;0;0;0;0;0;0;0;0;0;0;0;0;0;0;0;0;0;0;0;0;0;0;0;0;0;0
36160000;2;01/11/1991;0;0;0;0;0;0;0;0;0;0;0;0;0;0;0;0;0;0;0;0;0;0;0;0;0;0;0;0;0;0;0;
36160000;2;01/10/1991;0;0;0;0;0;0;0;0;0;0;0;0;0;0;0;0;0;0;0;0;0;0;0;0;0;0;0;0;0;0;0;0
36160000;2;01/09/1991;0;0;0;0;0;0;0;0;0;0;0;0;0;0;0;0;0;0;0;0;0;0;0;0;0;0;0;0;0;0;0;
36160000;2;01/08/1991;0;0;0;0;0;0;0;0;0;0;0;0;0;0;0;0;0;0;0;0;0;0;0;0;0;0;0;0;0;0;0;0
36160000;2;01/07/1991;0.352;1.802;1.691;1.691;1.584;1.482;1.382;1.287;0;0;0;0;0;0;0;0;0;0;0;0;0;0;0;0;0;0;0;0;0;0;0;0
36160000;2;01/06/1991;4.459;7.29;7.29;7.047;7.047;6.809;6.809;6.576;6.122;5.902;5.687;5.269;5.067;4.676;4.302;4.302;4.121;3.945;3.773;3.773;3.442;3.128;2.83;2.687;2.549;2.414;2.284;2.284;2.157;2.157;2.035;
36160000;2;01/05/1991;9.523;15.616;16.374;12.124;15.616;16.374;14.16;13.462;12.124;11.172;10.262;9.396;8.841;8.045;7.047;8.841;8.045;7.29;7.537;7.537;7.788;7.537;7.047;6.809;6.809;6.809;6.809;6.576;7.29;7.29;7.29;7.29
36160000;2;01/04/1991;24.393;63.046;40.771;29.123;29.123;36.446;31.279;26.048;20.9;20.031;18.355;16.374;14.878;12.124;14.878;23.63;16.76;16.374;40.137;36.446;27.052;25.065;22.242;18.767;16.374;14.878;13.12;10.262;31.279;25.553;20.463;
36160000;2;01/03/1991;13.527;7.788;7.537;7.29;6.809;16.76;12.124;10.262;9.969;9.68;9.396;9.116;8.571;7.788;16.374;15.245;13.809;12.784;12.124;11.485;10.262;9.116;8.571;8.045;7.788;7.047;7.537;11.485;16.76;24.103;56.283;47.419
36160000;2;01/02/1991;10.057;10.864;10.561;9.969;9.969;9.969;9.396;9.396;9.68;9.969;9.969;9.396;9.116;8.571;8.306;7.788;15.245;16.76;13.12;10.864;9.969;9.68;9.68;9.396;9.396;9.116;8.841;8.571;8.045;;;
36160000;2;01/01/1991;4.141;0;0;0;0;0;0;0;0;0;0;0;0;0;0;0;0;0;0;0;0;0;0;0;0;29.123;23.63;18.767;16.374;14.878;13.462;12.124
36160000;2;01/12/1990;0;0;0;0;0;0;0;0;0;0;0;0;0;0;0;0;0;0;0;0;0;0;0;0;0;0;0;0;0;0;0;0
36160000;2;01/11/1990;0;0;0;0;0;0;0;0;0;0;0;0;0;0;0;0;0;0;0;0;0;0;0;0;0;0;0;0;0;0;0;
36160000;2;01/10/1990;0;0;0;0;0;0;0;0;0;0;0;0;0;0;0;0;0;0;0;0;0;0;0;0;0;0;0;0;0;0;0;0
36160000;2;01/09/1990;1.255;6.809;6.347;6.347;6.122;6.122;5.902;0;0;0;0;0;0;0;0;0;0;0;0;0;0;0;0;0;0;0;0;0;0;0;0;
36160000;2;01/08/1990;7.951;9.116;9.116;9.116;8.841;8.841;8.841;8.571;8.571;8.571;8.306;8.306;8.045;8.045;7.788;7.788;7.537;7.537;7.29;7.29;7.29;7.29;7.29;7.29;7.788;7.788;7.788;7.537;7.537;7.29;7.047;7.047
36160000;2;01/07/1990;10.12;11.172;11.172;10.864;10.864;10.864;10.864;10.561;10.561;10.561;10.561;10.561;10.262;10.262;10.262;10.262;9.969;9.969;9.969;9.969;9.969;9.68;9.68;9.68;9.68;9.68;9.396;9.396;9.396;9.396;9.116;9.116
36160000;2;01/06/1990;12.441;15.992;15.245;14.517;13.809;13.462;13.462;13.12;13.12;13.12;12.784;12.784;12.784;12.452;12.452;12.452;12.124;11.802;11.802;11.802;11.485;11.485;11.485;11.485;11.172;11.172;11.172;11.172;11.172;11.172;11.172;
36160000;2;01/05/1990;23.654;39.508;51.693;66.065;39.508;31.279;28.076;26.048;24.103;23.162;22.242;22.242;21.789;20.9;20.031;19.605;19.183;18.767;18.767;17.949;17.949;17.547;17.547;17.151;17.151;16.76;16.76;16.76;16.374;16.374;15.992;15.992
36160000;2;01/04/1990;42.52;39.508;34.675;23.162;40.771;38.267;86.867;109.268;85.699;70.202;65.05;60.099;49.913;42.707;37.654;33.522;31.279;28.076;25.065;22.242;57.225;40.771;32.39;30.19;27.052;25.065;24.103;23.63;31.279;28.597;31.279;
36160000;2;01/03/1990;43.34;16.76;15.992;21.789;55.349;100.244;256.977;165.235;51.693;40.137;37.048;32.39;28.076;25.553;24.103;23.162;22.242;20.9;19.605;20.463;25.553;23.63;46.045;32.953;28.076;24.103;23.162;21.789;20.9;22.242;57.225;40.137
36160000;2;01/02/1990;19.792;17.547;17.151;17.151;16.76;16.374;16.374;15.992;15.616;15.616;23.162;20.463;19.183;17.949;16.76;16.76;15.992;15.992;15.616;17.949;20.463;23.162;25.553;28.597;31.832;35.26;24.581;18.767;17.547;;;
36160000;2;01/01/1990;36.269;181.932;113.258;67.087;56.283;50.799;47.419;43.363;40.137;37.048;34.096;30.19;28.597;27.052;25.553;24.581;23.63;22.699;22.242;21.789;20.9;20.031;19.183;19.183;19.183;19.183;18.767;18.355;18.355;17.949;17.949;17.547
36160000;2;01/12/1989;119.012;0;0;0;0;0;0;0;0;0;0;0;0;0;0;0;0;0;0;0;0;0;0;26.547;98.987;208.522;474.581;871.118;742.802;565.306;415.116;286.378
36160000;2;01/11/1989;0;0;0;0;0;0;0;0;0;0;0;0;0;0;0;0;0;0;0;0;0;0;0;0;0;0;0;0;0;0;0;
36160000;2;01/10/1989;0;0;0;0;0;0;0;0;0;0;0;0;0;0;0;0;0;0;0;0;0;0;0;0;0;0;0;0;0;0;0;0
36160000;2;01/09/1989;0;0;0;0;0;0;0;0;0;0;0;0;0;0;0;0;0;0;0;0;0;0;0;0;0;0;0;0;0;0;0;
36160000;2;01/08/1989;14.881;19.605;19.183;19.183;19.183;18.767;18.767;18.767;18.355;18.355;17.949;17.949;17.547;17.547;17.547;17.151;17.151;16.76;16.76;16.374;15.992;15.992;15.245;14.878;14.517;14.16;13.809;13.809;0;0;0;0
36160000;2;01/07/1989;23.041;26.547;26.547;26.048;25.553;25.065;25.065;24.581;24.581;24.103;24.103;23.63;23.63;23.63;23.63;23.162;23.162;22.699;22.699;22.699;22.242;22.242;22.242;21.789;21.342;21.342;20.9;20.9;20.463;20.031;20.031;19.605
36160000;2;01/06/1989;47.074;178.527;127.086;101.509;78.864;65.05;55.349;50.799;46.729;42.707;41.411;39.508;37.654;36.446;35.26;34.096;33.522;32.953;31.832;31.279;30.732;30.19;29.654;29.123;28.597;28.076;27.561;27.561;27.052;26.547;26.547;
36160000;2;01/05/1989;262.138;969.191;684.25;357.298;553.143;508.737;921.448;541.115;345.316;246.871;286.378;394.502;381.891;288.54;221.568;166.868;140.23;115.958;101.509;89.226;77.753;66.065;64.044;61.074;58.175;52.595;49.035;46.045;44.025;44.025;42.707;206.692
36160000;2;01/04/1989;584.571;455.218;577.605;612.125;256.977;369.49;541.115;631.388;997.612;1865.1;1489.62;1072.628;871.118;1030.609;981.32;634.628;631.388;725.325;474.581;267.29;181.932;190.589;161.995;137.252;181.932;407.322;354.885;242.887;282.078;430.93;480.19;
36160000;2;01/03/1989;54.359;0;0;0;0;0;0;0;0;0;0;0;0;0;0;0;0;0;0;46.045;51.693;91.618;75.555;98.987;117.321;143.241;122.852;98.987;62.056;86.867;201.25;488.665
36160000;2;01/02/1989;0;0;0;0;0;0;0;0;0;0;0;0;0;0;0;0;0;0;0;0;0;0;0;0;0;0;0;0;0;;;
36160000;2;01/01/1989;0;0;0;0;0;0;0;0;0;0;0;0;0;0;0;0;0;0;0;0;0;0;0;0;0;0;0;0;0;0;0;0
36160000;2;01/12/1988;0;0;0;0;0;0;0;0;0;0;0;0;0;0;0;0;0;0;0;0;0;0;0;0;0;0;0;0;0;0;0;0
36160000;2;01/11/1988;0;0;0;0;0;0;0;0;0;0;0;0;0;0;0;0;0;0;0;0;0;0;0;0;0;0;0;0;0;0;0;
36160000;2;01/10/1988;0;0;0;0;0;0;0;0;0;0;0;0;0;0;0;0;0;0;0;0;0;0;0;0;0;0;0;0;0;0;0;0
36160000;2;01/09/1988;0;0;0;0;0;0;0;0;0;0;0;0;0;0;0;0;0;0;0;0;0;0;0;0;0;0;0;0;0;0;0;
36160000;2;01/08/1988;0;0;0;0;0;0;0;0;0;0;0;0;0;0;0;0;0;0;0;0;0;0;0;0;0;0;0;0;0;0;0;0
36160000;2;01/07/1988;0;0;0;0;0;0;0;0;0;0;0;0;0;0;0;0;0;0;0;0;0;0;0;0;0;0;0;0;0;0;0;0
36160000;2;01/06/1988;11.61;19.605;20.9;20.031;19.605;19.183;19.183;18.767;18.355;18.355;18.355;17.949;17.547;17.547;17.547;17.547;17.151;17.151;16.76;16.76;0;0;0;0;0;0;0;0;0;0;0;
36160000;2;01/05/1988;47.927;114.604;109.268;98.987;90.418;78.864;65.05;76.65;107.954;88.042;81.11;66.065;49.035;40.771;32.953;30.19;27.052;26.048;25.065;23.162;21.789;21.789;21.789;21.789;21.789;21.789;21.789;21.789;20.031;20.031;20.031;20.031
36160000;2;01/04/1988;148.329;73.39;70.202;91.618;56.283;75.555;76.65;44.025;38.267;32.39;26.547;23.63;28.597;25.553;22.242;21.789;43.363;39.508;57.225;199.453;399.605;328.892;297.274;420.353;455.218;328.892;335.881;229.204;312.879;208.522;86.867;
36160000;2;01/03/1988;37.828;0;0;0;0;0;0;0;0;0;0;0;0;0;0;0;0;109.268;36.446;52.595;41.411;47.419;47.419;144.758;122.852;131.394;122.852;122.852;81.11;53.505;34.675;24.103
36160000;2;01/02/1988;0;0;0;0;0;0;0;0;0;0;0;0;0;0;0;0;0;0;0;0;0;0;0;0;0;0;0;0;0;0;;
36160000;2;01/01/1988;0;0;0;0;0;0;0;0;0;0;0;0;0;0;0;0;0;0;0;0;0;0;0;0;0;0;0;0;0;0;0;0
36160000;2;01/12/1987;0;0;0;0;0;0;0;0;0;0;0;0;0;0;0;0;0;0;0;0;0;0;0;0;0;0;0;0;0;0;0;0
36160000;2;01/11/1987;0;0;0;0;0;0;0;0;0;0;0;0;0;0;0;0;0;0;0;0;0;0;0;0;0;0;0;0;0;0;0;
36160000;2;01/10/1987;0;0;0;0;0;0;0;0;0;0;0;0;0;0;0;0;0;0;0;0;0;0;0;0;0;0;0;0;0;0;0;0
36160000;2;01/09/1987;0;0;0;0;0;0;0;0;0;0;0;0;0;0;0;0;0;0;0;0;0;0;0;0;0;0;0;0;0;0;0;
36160000;2;01/08/1987;0;0;0;0;0;0;0;0;0;0;0;0;0;0;0;0;0;0;0;0;0;0;0;0;0;0;0;0;0;0;0;0
36160000;2;01/07/1987;0;0;0;0;0;0;0;0;0;0;0;0;0;0;0;0;0;0;0;0;0;0;0;0;0;0;0;0;0;0;0;0
36160000;2;01/06/1987;0;0;0;0;0;0;0;0;0;0;0;0;0;0;0;0;0;0;0;0;0;0;0;0;0;0;0;0;0;0;0;
36160000;2;01/05/1987;8.293;24.103;25.065;25.553;26.547;46.729;36.446;28.597;22.242;21.789;0;0;0;0;0;0;0;0;0;0;0;0;0;0;0;0;0;0;0;0;0;0
36160000;2;01/04/1987;131.407;541.115;878.767;756.938;425.625;180.225;122.852;91.618;76.65;52.595;91.618;86.867;69.156;60.099;48.115;42.707;40.771;38.267;34.675;32.953;31.279;29.123;27.052;25.553;24.103;23.162;22.242;20.9;21.789;22.242;23.162;
36160000;2;01/03/1987;54.009;0;0;0;0;0;0;0;0;0;0;0;0;0;0;0;0;0;0;0;0;0;75.555;53.505;138.737;124.255;340.582;225.369;124.255;85.699;109.268;397.049
36160000;2;01/02/1987;0;0;0;0;0;0;0;0;0;0;0;0;0;0;0;0;0;0;0;0;0;0;0;0;0;0;0;0;0;;;
36160000;2;01/01/1987;0;0;0;0;0;0;0;0;0;0;0;0;0;0;0;0;0;0;0;0;0;0;0;0;0;0;0;0;0;0;0;0
36160000;2;01/12/1986;0;0;0;0;0;0;0;0;0;0;0;0;0;0;0;0;0;0;0;0;0;0;0;0;0;0;0;0;0;0;0;0
36160000;2;01/11/1986;0;0;0;0;0;0;0;0;0;0;0;0;0;0;0;0;0;0;0;0;0;0;0;0;0;0;0;0;0;0;0;
36160000;2;01/10/1986;0;0;0;0;0;0;0;0;0;0;0;0;0;0;0;0;0;0;0;0;0;0;0;0;0;0;0;0;0;0;0;0
36160000;2;01/09/1986;0;0;0;0;0;0;0;0;0;0;0;0;0;0;0;0;0;0;0;0;0;0;0;0;0;0;0;0;0;0;0;
36160000;2;01/08/1986;0;0;0;0;0;0;0;0;0;0;0;0;0;0;0;0;0;0;0;0;0;0;0;0;0;0;0;0;0;0;0;0
36160000;2;01/07/1986;0;0;0;0;0;0;0;0;0;0;0;0;0;0;0;0;0;0;0;0;0;0;0;0;0;0;0;0;0;0;0;0
36160000;2;01/06/1986;21.557;30.732;33.522;40.771;160.387;106.649;76.65;56.283;42.707;36.446;31.832;30.732;0;0;0;0;0;0;0;0;0;0;0;0;0;0;0;0;0;0;0;
36160000;2;01/05/1986;133.066;711.497;894.167;483.006;277.811;188.841;146.284;131.394;152.47;113.258;95.266;86.867;69.156;59.133;55.349;53.505;51.693;48.115;46.729;44.025;42.056;39.508;37.654;35.85;34.096;32.953;34.096;31.832;32.953;31.832;31.832;31.832
36160000;2;01/04/1986;257.271;430.93;338.227;227.283;171.815;132.846;98.987;86.867;120.07;141.731;173.481;143.241;134.306;120.07;107.954;140.23;350.084;650.956;833.388;670.83;593.169;338.227;217.799;168.509;144.758;163.611;171.815;261.077;236.973;165.235;183.647;
36160000;2;01/03/1986;125.089;0;0;0;0;0;0;0;106.649;246.871;105.352;86.867;83.388;83.388;85.699;206.692;160.387;155.612;111.92;77.753;56.283;42.707;36.446;66.065;84.54;143.241;204.87;301.691;275.69;301.691;433.595;420.353
36160000;2;01/02/1986;0;0;0;0;0;0;0;0;0;0;0;0;0;0;0;0;0;0;0;0;0;0;0;0;0;0;0;0;0;;;
36160000;2;01/01/1986;0;0;0;0;0;0;0;0;0;0;0;0;0;0;0;0;0;0;0;0;0;0;0;0;0;0;0;0;0;0;0;0
36160000;2;01/12/1985;0;0;0;0;0;0;0;0;0;0;0;0;0;0;0;0;0;0;0;0;0;0;0;0;0;0;0;0;0;0;0;0
36160000;2;01/11/1985;0;0;0;0;0;0;0;0;0;0;0;0;0;0;0;0;0;0;0;0;0;0;0;0;0;0;0;0;0;0;0;
36160000;2;01/10/1985;0;0;0;0;0;0;0;0;0;0;0;0;0;0;0;0;0;0;0;0;0;0;0;0;0;0;0;0;0;0;0;0
36160000;2;01/09/1985;0;0;0;0;0;0;0;0;0;0;0;0;0;0;0;0;0;0;0;0;0;0;0;0;0;0;0;0;0;0;0;
36160000;2;01/08/1985;0;0;0;0;0;0;0;0;0;0;0;0;0;0;0;0;0;0;0;0;0;0;0;0;0;0;0;0;0;0;0;0
36160000;2;01/07/1985;15.831;41.878;41.878;41.878;41.878;41.089;41.089;41.089;40.307;40.307;40.307;39.533;39.533;0;0;0;0;0;0;0;0;0;0;0;0;0;0;0;0;0;0;0
36160000;2;01/06/1985;58.224;74.739;72.584;70.463;68.375;67.344;75.83;80.277;78.036;73.657;68.375;66.322;64.302;62.317;60.365;58.446;56.561;54.71;52.892;51.107;49.355;47.636;45.95;44.297;44.297;43.482;43.482;43.482;42.676;42.676;42.676;
36160000;2;01/05/1985;490.367;2565.27;3393.178;2035.663;1151.908;734.88;620.361;507.031;397.86;333.78;346.11;328.916;284.626;241.726;225.623;198.883;175.678;154.024;139.931;125.127;120.86;115.296;109.872;126.567;120.86;112.566;104.59;99.449;93.219;82.552;78.036;76.929
36160000;2;01/04/1985;994.82;1063.13;712.607;557.305;819.732;880.474;784.413;672.735;918.049;909.625;1171.09;1523.623;1964.87;1926.827;2061.743;1574.056;1254.531;918.049;1845.778;909.625;590.036;459.319;358.682;368.915;727.414;947.862;665.619;616.951;567.018;712.607;1361.909;
36160000;2;01/03/1985;297.562;70.463;80.277;80.277;93.219;95.685;71.519;67.344;75.83;69.415;82.552;64.302;51.995;45.95;38.768;35.246;41.089;48.491;37.864;37.864;69.415;91.999;78.036;102.002;128.016;241.726;772.827;1017.948;1185.589;1907.956;1377.639;1063.13
36160000;2;01/02/1985;218.08;120.86;72.584;39.533;47.636;120.86;72.584;39.533;47.636;46.789;36.977;30.4;60.365;46.789;64.302;138.41;180.895;212.025;395.18;600.053;687.09;986.953;807.866;497.891;307.504;167.167;125.127;84.862;68.375;;;
36160000;2;01/01/1985;12.681;0;0;0;0;0;0;0;0;0;0;0;0;0;0;0;0;0;0;0;0;0;0;42.676;24.05;139.931;36.977;24.05;17.649;15.187;37.864;54.71
36160000;2;01/12/1984;0;0;0;0;0;0;0;0;0;0;0;0;0;0;0;0;0;0;0;0;0;0;0;0;0;0;0;0;0;0;0;0
36160000;2;01/11/1984;0;0;0;0;0;0;0;0;0;0;0;0;0;0;0;0;0;0;0;0;0;0;0;0;0;0;0;0;0;0;0;
36160000;2;01/10/1984;0;0;0;0;0;0;0;0;0;0;0;0;0;0;0;0;0;0;0;0;0;0;0;0;0;0;0;0;0;0;0;0
36160000;2;01/09/1984;0;0;0;0;0;0;0;0;0;0;0;0;0;0;0;0;0;0;0;0;0;0;0;0;0;0;0;0;0;0;0;
36160000;2;01/08/1984;1.1;2.126;2.126;2.013;2.013;2.013;1.906;1.906;1.906;1.802;1.802;1.802;1.702;1.702;1.702;1.606;1.515;1.515;1.515;1.427;0;0;0;0;0;0;0;0;0;0;0;0
36160000;2;01/07/1984;2.833;4.024;3.846;3.846;3.674;3.674;3.508;3.347;3.191;3.041;2.895;2.755;2.755;2.62;2.62;2.62;2.62;2.62;2.62;2.62;2.62;2.62;2.62;2.62;2.62;2.489;2.364;2.364;2.242;2.126;2.126;2.126
36160000;2;01/06/1984;6.667;11.773;11.389;11.014;11.014;10.648;10.29;9.941;9.601;8.946;8.323;7.447;6.385;6.138;5.663;4.397;3.674;3.508;3.347;4.024;4.207;4.397;4.794;5.001;5.215;5.663;5.215;4.794;4.592;4.397;4.207;
36160000;2;01/05/1984;75.84;336.227;363.779;129.474;269.179;295.946;120.86;73.657;56.561;81.41;100.721;60.365;49.355;36.104;28.896;27.446;31.958;41.089;34.402;25.37;19.256;19.256;17.649;17.136;16.141;15.659;15.187;14.726;14.275;13.403;12.981;12.569
36160000;2;01/04/1984;443.177;7.447;6.902;6.902;7.171;100.721;400.55;637.564;644.516;456.422;154.024;186.195;208.223;267.011;152.422;129.474;384.556;1279.664;1677.596;811.811;459.319;494.864;1035.894;1234.618;772.827;450.657;258.431;187.979;258.431;368.915;254.198;
36160000;2;01/03/1984;15.044;0;0;0;0;0;0;0;0;0;0;0;0;0;0;0;0;18.174;22.163;32.759;59.401;41.878;45.95;52.892;51.995;51.995;28.164;20.384;12.981;10.648;8.946;8.023
36160000;2;01/02/1984;0;0;0;0;0;0;0;0;0;0;0;0;0;0;0;0;0;0;0;0;0;0;0;0;0;0;0;0;0;0;;
36160000;2;01/01/1984;0;0;0;0;0;0;0;0;0;0;0;0;0;0;0;0;0;0;0;0;0;0;0;0;0;0;0;0;0;0;0;0
36160000;2;01/12/1983;0;0;0;0;0;0;0;0;0;0;0;0;0;0;0;0;0;0;0;0;0;0;0;0;0;0;0;0;0;0;0;0
36160000;2;01/11/1983;0;0;0;0;0;0;0;0;0;0;0;0;0;0;0;0;0;0;0;0;0;0;0;0;0;0;0;0;0;0;0;
36160000;2;01/10/1983;0;0;0;0;0;0;0;0;0;0;0;0;0;0;0;0;0;0;0;0;0;0;0;0;0;0;0;0;0;0;0;0
36160000;2;01/09/1983;0;0;0;0;0;0;0;0;0;0;0;0;0;0;0;0;0;0;0;0;0;0;0;0;0;0;0;0;0;0;0;
36160000;2;01/08/1983;0;0;0;0;0;0;0;0;0;0;0;0;0;0;0;0;0;0;0;0;0;0;0;0;0;0;0;0;0;0;0;0
36160000;2;01/07/1983;0;0;0;0;0;0;0;0;0;0;0;0;0;0;0;0;0;0;0;0;0;0;0;0;0;0;0;0;0;0;0;0
36160000;2;01/06/1983;0;0;0;0;0;0;0;0;0;0;0;0;0;0;0;0;0;0;0;0;0;0;0;0;0;0;0;0;0;0;0;
36160000;2;01/05/1983;0;0;0;0;0;0;0;0;0;0;0;0;0;0;0;0;0;0;0;0;0;0;0;0;0;0;0;0;0;0;0;0
36160000;2;01/04/1983;0.622;0.514;0.309;0.252;0.202;0.119;0.44;0.682;3.362;3.156;2.765;2.064;1.47;1.213;0.776;0.514;0.371;0.44;0;0;0;0;0;0;0;0;0;0;0;0;0;
36160000;2;01/03/1983;0.148;0;0;0;0;0;0;0;0;0;0;0;0;0;0;0;0;0;0;0;0;0;0;0;0;0;0;0.981;1.338;0.981;0.776;0.514
36160000;2;01/02/1983;0;0;0;0;0;0;0;0;0;0;0;0;0;0;0;0;0;0;0;0;0;0;0;0;0;0;0;0;0;;;
36160000;2;01/01/1983;0;0;0;0;0;0;0;0;0;0;0;0;0;0;0;0;0;0;0;0;0;0;0;0;0;0;0;0;0;0;0;0
36160000;2;01/12/1982;0;0;0;0;0;0;0;0;0;0;0;0;0;0;0;0;0;0;0;0;0;0;0;0;0;0;0;0;0;0;0;0
36160000;2;01/11/1982;0;0;0;0;0;0;0;0;0;0;0;0;0;0;0;0;0;0;0;0;0;0;0;0;0;0;0;0;0;0;0;
36160000;2;01/10/1982;0;0;0;0;0;0;0;0;0;0;0;0;0;0;0;0;0;0;0;0;0;0;0;0;0;0;0;0;0;0;0;0
36160000;2;01/09/1982;0;0;0;0;0;0;0;0;0;0;0;0;0;0;0;0;0;0;0;0;0;0;0;0;0;0;0;0;0;0;0;
36160000;2;01/08/1982;0;0;0;0;0;0;0;0;0;0;0;0;0;0;0;0;0;0;0;0;0;0;0;0;0;0;0;0;0;0;0;0
36160000;2;01/07/1982;0.309;0.309;0.309;0.309;0.309;0.309;0.309;0.309;0.309;0.309;0.309;0.309;0.309;0.309;0.309;0.309;0.309;0.309;0.309;0.309;0.309;0.309;0.309;0.309;0.309;0.309;0.309;0.309;0.309;0.309;0.309;0.309
36160000;2;01/06/1982;0.736;1.47;1.47;1.338;1.213;0.981;0.776;0.682;0.595;0.514;0.44;0.371;0.309;0.309;0.252;0.252;0.202;0.157;1.338;1.338;1.338;1.094;1.213;0.981;0.875;0.682;0.514;0.44;0.309;0.309;0.309;
36160000;2;01/05/1982;5.131;14.124;12.399;10.409;8.948;8.261;7.285;6.084;5.801;5.801;5.526;5.258;5.258;4.996;4.742;4.495;4.254;4.254;4.021;4.021;3.794;3.575;3.575;3.362;3.362;3.156;2.957;2.58;2.064;1.609;1.609;1.47
36160000;2;01/04/1982;27.522;4.742;4.495;4.495;4.742;4.742;4.254;4.254;4.021;3.575;3.575;3.575;3.156;3.156;3.362;3.575;3.575;11.986;55.571;100.244;165.235;82.245;35.812;39.553;76.639;69.22;35.088;27.629;24.548;21.658;16.935;
36160000;2;01/03/1982;10.779;3.575;3.575;3.575;3.575;3.362;3.362;4.254;6.974;10.792;17.43;26.997;33.661;30.903;25.757;20.016;15.031;12.819;11.581;10.792;10.409;8.948;8.261;7.603;7.285;6.974;6.974;6.974;6.374;5.801;5.258;5.258
36160000;2;01/02/1982;6.38;10.409;9.302;9.302;9.302;11.581;14.124;10.792;8.948;8.261;7.603;6.67;6.67;6.084;4.742;3.794;4.021;4.495;4.495;4.495;4.495;4.021;3.575;3.575;3.575;3.575;3.575;3.575;3.575;;;
36160000;2;01/01/1982;3.344;0.309;0.309;0.309;0.309;0.309;0.157;1.609;0.875;0.157;0.157;0.309;0.309;0.309;0.309;0.309;0.309;0.309;0.309;0.309;0.371;0.371;1.609;0.44;0.309;0.309;0.514;1.609;13.682;32.96;25.757;18.441
36160000;2;01/12/1981;0.162;0;0;0;0;0;0;0;0;0;0;0;0;0;0;0;0;0;0;0.595;0.371;0.514;0.44;0.514;0.44;0.309;0.309;0.309;0.309;0.309;0.309;0.309
36160000;2;01/11/1981;0;0;0;0;0;0;0;0;0;0;0;0;0;0;0;0;0;0;0;0;0;0;0;0;0;0;0;0;0;0;0;
36160000;2;01/10/1981;0;0;0;0;0;0;0;0;0;0;0;0;0;0;0;0;0;0;0;0;0;0;0;0;0;0;0;0;0;0;0;0
36160000;2;01/09/1981;0;0;0;0;0;0;0;0;0;0;0;0;0;0;0;0;0;0;0;0;0;0;0;0;0;0;0;0;0;0;0;
36160000;2;01/08/1981;0;0;0;0;0;0;0;0;0;0;0;0;0;0;0;0;0;0;0;0;0;0;0;0;0;0;0;0;0;0;0;0
36160000;2;01/07/1981;0;0;0;0;0;0;0;0;0;0;0;0;0;0;0;0;0;0;0;0;0;0;0;0;0;0;0;0;0;0;0;0
36160000;2;01/06/1981;0;0;0;0;0;0;0;0;0;0;0;0;0;0;0;0;0;0;0;0;0;0;0;0;0;0;0;0;0;0;0;
36160000;2;01/05/1981;1.229;5.258;4.742;4.254;3.794;3.362;2.957;2.58;2.229;1.906;1.609;1.338;1.094;0.875;0.682;0.514;0.371;0.252;0.157;0.086;0.036;0;0;0;0;0;0;0;0;0;0;0
36160000;2;01/04/1981;221.898;1106.863;949.148;1194.863;1231.029;657.547;394.502;199.453;158.787;129.95;111.92;76.639;54.656;42.688;35.812;33.661;32.96;32.267;31.581;28.268;26.374;25.149;23.369;18.441;13.682;10.033;8.948;8.261;7.603;6.67;5.801;
36160000;2;01/03/1981;209.23;0;0;0;0;0;0;0;0;0;0;0;0;0;0.036;0.157;10.409;204.87;433.595;246.871;134.306;227.283;381.891;256.977;310.624;1005.81;1030.609;760.493;321.979;181.932;217.799;760.493
36160000;2;01/02/1981;1.041;0.682;0.514;0.309;0.119;0.44;1.47;3.575;10.033;3.575;2.229;1.213;0.981;0.595;0.682;0.514;0.371;0.252;0.514;0.309;0.202;0.157;0.157;0.119;0.086;0.058;0;0;0;;;
36160000;2;01/01/1981;0.516;0;0;0;0;0;0;0;0;0;0;0;0;0;0;0;0;0;0;0;0;0;0;0;0;0;0;2.957;6.67;2.229;2.229;1.906
36160000;2;01/12/1980;0;0;0;0;0;0;0;0;0;0;0;0;0;0;0;0;0;0;0;0;0;0;0;0;0;0;0;0;0;0;0;0
36160000;2;01/11/1980;0;0;0;0;0;0;0;0;0;0;0;0;0;0;0;0;0;0;0;0;0;0;0;0;0;0;0;0;0;0;0;
36160000;2;01/10/1980;0;0;0;0;0;0;0;0;0;0;0;0;0;0;0;0;0;0;0;0;0;0;0;0;0;0;0;0;0;0;0;0
36160000;2;01/09/1980;0;0;0;0;0;0;0;0;0;0;0;0;0;0;0;0;0;0;0;0;0;0;0;0;0;0;0;0;0;0;0;
36160000;2;01/08/1980;0.091;0.252;0.252;0.202;0.202;0.202;0.202;0.202;0.202;0.202;0.157;0.157;0.157;0.157;0.157;0.119;0;0;0;0;0;0;0;0;0;0;0;0;0;0;0;0
36160000;2;01/07/1980;0.202;0.252;0.252;0.252;0.252;0.252;0.252;0.202;0.157;0.157;0.157;0.309;0.252;0.202;0.157;0.157;0.157;0.157;0.157;0.157;0.157;0.157;0.157;0.157;0.157;0.157;0.157;0.252;0.252;0.252;0.252;0.252
36160000;2;01/06/1980;0.42;0.682;0.682;0.682;0.595;0.514;0.514;0.514;0.44;0.44;0.44;0.44;0.44;0.44;0.44;0.371;0.371;0.309;0.309;0.309;0.309;0.309;0.309;0.309;0.252;0.252;0.514;0.371;0.371;0.371;0.309;
36160000;2;01/05/1980;3.084;2.064;1.906;1.906;1.754;1.338;19.483;13.247;8.601;5.526;4.495;3.794;3.156;2.765;2.401;2.229;1.906;1.754;1.609;1.609;1.47;1.338;1.338;1.213;1.094;0.981;1.47;1.213;1.094;0.981;0.981;0.875
36160000;2;01/04/1980;6.896;7.929;7.603;8.948;12.819;20.556;22.221;13.682;11.183;10.033;8.948;8.261;7.603;6.974;5.801;4.742;4.254;5.258;4.742;4.254;3.794;3.362;3.362;3.156;2.957;2.765;2.58;2.401;2.229;2.229;2.229;
36160000;2;01/03/1980;63.395;94.042;98.987;138.737;105.352;75.555;106.649;160.387;122.852;98.987;143.241;176.837;98.987;65.159;52.851;50.203;45.949;48.477;41.892;35.088;29.57;25.149;21.658;22.221;18.958;16.448;14.124;12.819;12.399;11.581;10.792;9.302
36160000;2;01/02/1980;83.983;1.906;1.609;1.338;1.094;1.094;0.875;0.875;0.981;1.338;1.754;20.556;44.302;28.268;18.441;14.124;17.932;20.556;76.639;252.91;277.811;310.624;297.274;176.837;143.241;94.042;84.54;199.453;204.87;140.23;;
36160000;2;01/01/1980;6.236;0;0;0;0;0;0;0;0;0;2.765;2.229;1.213;0.595;1.609;3.156;15.968;56.493;29.57;19.483;11.986;8.601;7.285;6.084;4.996;4.021;3.362;3.362;3.156;2.58;2.58;2.229
36160000;2;01/12/1979;0;0;0;0;0;0;0;0;0;0;0;0;0;0;0;0;0;0;0;0;0;0;0;0;0;0;0;0;0;0;0;0
36160000;2;01/11/1979;0;0;0;0;0;0;0;0;0;0;0;0;0;0;0;0;0;0;0;0;0;0;0;0;0;0;0;0;0;0;0;
36160000;2;01/10/1979;0;0;0;0;0;0;0;0;0;0;0;0;0;0;0;0;0;0;0;0;0;0;0;0;0;0;0;0;0;0;0;0
36160000;2;01/09/1979;0.142;0.058;0.058;0.036;0.036;0.036;0.157;1.338;0.595;0.202;0.086;0.058;0.036;0.036;0.036;0.036;0.036;0.036;0.036;0.036;0.036;0.371;0.44;0.157;0.086;0.036;0.036;0.036;0.036;0.036;0.036;
36160000;2;01/08/1979;0.048;0.036;0.036;0.036;0.036;0.036;0.036;0.036;0.036;0.036;0.036;0.058;0.058;0.036;0.036;0.036;0.036;0.036;0.036;0.036;0.036;0.036;0.036;0.036;0.036;0.036;0.036;0.086;0.086;0.157;0.086;0.086
36160000;2;01/07/1979;0.079;0.202;0.202;0.157;0.157;0.157;0.157;0.157;0.157;0.119;0.086;0.086;0.086;0.058;0.036;0.036;0.036;0.036;0.036;0.036;0.036;0.036;0.036;0.036;0.036;0.036;0.036;0.036;0.036;0.036;0.036;0.036
36160000;2;01/06/1979;0.85;1.906;1.609;1.609;1.609;1.47;1.338;1.213;1.213;1.094;1.094;0.981;0.875;0.875;0.981;0.875;0.981;0.875;0.776;0.682;0.514;0.371;0.309;0.309;0.309;0.309;0.309;0.252;0.252;0.252;0.252;
36160000;2;01/05/1979;21.337;46.783;38.79;32.267;32.96;29.57;34.371;140.23;95.266;37.285;22.221;18.958;17.932;17.43;16.448;18.441;7.285;6.67;5.801;5.258;4.495;4.254;3.794;3.575;3.362;3.156;2.957;2.765;2.58;2.401;2.229;1.906
36160000;2;01/04/1979;4.089;2.229;2.957;4.742;4.254;3.575;3.362;3.362;3.362;3.156;2.957;4.254;4.495;3.794;3.362;3.156;3.156;3.156;2.957;2.58;2.58;2.58;2.957;2.58;4.254;3.575;3.794;2.765;6.374;5.258;21.103;
36160000;2;01/03/1979;4.127;1.213;1.213;1.338;1.213;1.213;1.338;1.338;1.338;1.338;1.338;1.338;1.213;7.285;8.261;24.548;17.43;10.792;8.261;5.526;4.742;4.021;3.575;2.765;2.229;1.906;1.906;1.609;2.064;1.609;1.906;2.064
36160000;2;01/02/1979;2.035;4.021;3.362;2.58;2.229;1.906;5.526;4.495;3.362;2.401;1.906;1.609;1.754;1.609;2.229;1.609;1.47;1.213;0.875;0.875;1.609;1.338;1.338;1.338;1.338;1.213;1.338;1.213;1.213;;;
36160000;2;01/01/1979;4.147;0.064;0.064;0.064;0.064;0.064;0.064;0.064;0.064;0.064;0.064;0.064;0.064;0.064;0.064;1.457;2.034;28.331;14.124;9.302;7.929;5.258;4.495;4.495;6.67;4.495;2.765;8.601;8.948;7.929;6.084;4.742
36160000;2;01/12/1978;0.089;0.064;0.152;0.125;0.152;0.125;0.102;0.102;0.081;0.102;0.125;0.081;0.081;0.081;0.081;0.081;0.081;0.081;0.064;0.064;0.064;0.064;0.064;0.064;0.125;0.125;0.081;0.081;0.081;0.064;0.064;0.064
36160000;2;01/11/1978;0.075;0.081;0.081;0.081;0.081;0.064;0.064;0.064;0.081;0.081;0.081;0.081;0.081;0.081;0.064;0.064;0.064;0.064;0.064;0.064;0.049;0.049;0.049;0.049;0.049;0.049;0.049;0.049;0.182;0.152;0.125;
36160000;2;01/10/1978;0.123;0.081;0.081;0.081;0.182;0.152;0.125;0.125;0.182;0.182;0.182;0.182;0.125;0.125;0.152;0.182;0.182;0.125;0.102;0.081;0.064;0.081;0.081;0.102;0.125;0.152;0.081;0.102;0.081;0.081;0.125;0.102
36160000;2;01/09/1978;0.117;0.125;0.125;0.125;0.102;0.102;0.081;0.102;0.125;0.125;0.125;0.125;0.125;0.125;0.125;0.102;0.102;0.102;0.102;0.102;0.081;0.152;0.125;0.125;0.125;0.125;0.125;0.102;0.102;0.182;0.125;
36160000;2;01/08/1978;0.431;1.215;1.001;0.73;0.73;0.904;0.73;0.579;0.512;0.451;0.451;0.451;0.395;0.296;0.451;0.451;0.451;0.451;0.451;0.451;0.395;0.296;0.216;0.182;0.182;0.152;0.152;0.125;0.125;0.125;0.125;0.125
36160000;2;01/07/1978;1.172;1.001;1.001;1.001;0.904;0.904;0.904;0.904;0.814;0.814;0.73;0.651;0.651;0.651;1.001;1.729;1.589;1.215;1.104;0.904;0.814;1.104;2.199;1.729;1.215;0.904;1.332;1.729;1.729;2.034;1.729;1.332
36160000;2;01/06/1978;2.477;6.167;5.212;4.633;4.099;4.099;3.849;3.608;3.608;3.378;3.158;2.947;2.555;2.372;2.199;2.034;1.878;1.878;1.729;1.589;1.589;1.457;1.332;1.215;1.104;1.104;1.104;1.104;1.104;1.104;1.104;
36160000;2;01/05/1978;37.853;29.667;19.861;28.331;37.578;96.498;282.078;161.995;73.39;50.799;41.491;49.035;36.819;27.675;21.547;18.776;16.272;14.42;13.835;13.835;13.835;13.267;13.267;12.177;10.657;9.269;22.71;13.267;9.717;8.007;6.865;6.51
36160000;2;01/04/1978;12.271;4.917;4.361;3.849;3.608;3.378;5.212;3.378;10.657;8.834;8.834;21.547;17.207;9.717;8.007;6.51;4.917;4.099;3.608;2.947;2.555;2.372;2.199;2.199;23.904;40.692;63.046;21.547;26.386;28.331;19.315;
36160000;2;01/03/1978;24.868;77.753;62.056;38.345;39.119;28.331;28.995;26.386;23.303;18.245;14.42;15.638;11.149;21.547;21.547;42.297;81.11;45.602;33.863;27.027;20.415;16.272;12.177;10.18;8.414;7.232;6.865;6.167;7.232;7.232;6.167;5.837
36160000;2;01/02/1978;19.667;6.865;6.865;6.167;4.917;4.099;3.378;3.158;2.947;2.555;2.947;6.51;115.958;43.111;37.578;28.331;21.547;16.272;13.835;13.267;9.717;7.232;6.167;5.518;5.212;4.361;6.167;47.303;118.691;;;
36160000;2;01/01/1978;13.193;0.296;1.729;1.215;2.034;1.457;1.104;1.001;0.904;0.814;0.814;0.73;0.73;0.579;0.73;0.579;0.814;3.378;10.657;94.042;79.983;43.934;32.433;20.977;16.7;25.754;19.861;14.42;10.657;7.613;6.865;6.167
36160000;2;01/12/1977;0.229;0.254;0.254;0.216;0.216;0.216;0.216;0.216;0.216;0.216;0.216;0.216;0.254;0.216;0.254;0.343;0.254;0.254;0.254;0.254;0.254;0.254;0.216;0.216;0.216;0.216;0.216;0.182;0.182;0.182;0.182;0.254
36160000;2;01/11/1977;0.294;0.254;0.254;0.254;0.254;0.254;0.254;0.254;0.254;0.254;0.254;0.254;0.254;0.254;0.254;0.254;0.254;0.254;0.254;0.254;0.216;0.216;0.216;0.216;0.216;0.254;0.579;0.579;0.579;0.579;0.343;
36160000;2;01/10/1977;0.364;0.395;0.343;0.579;0.512;0.451;0.579;0.451;0.451;0.451;0.451;0.395;0.395;0.343;0.343;0.343;0.343;0.343;0.343;0.296;0.296;0.296;0.296;0.296;0.296;0.296;0.296;0.296;0.296;0.296;0.254;0.254
36160000;2;01/09/1977;0.65;0.814;0.814;0.814;0.73;0.73;0.73;0.73;0.73;0.73;0.73;0.73;0.73;0.73;0.73;0.73;0.651;0.651;0.651;0.651;0.579;0.512;0.512;0.579;0.579;0.579;0.579;0.579;0.451;0.395;0.343;
36160000;2;01/08/1977;1.403;1.878;1.878;1.878;2.034;1.878;1.878;1.878;1.878;1.878;1.878;1.589;1.589;1.589;1.457;1.457;1.332;1.332;1.215;1.215;1.104;1.104;1.104;1.104;1.001;1.104;1.001;1.001;0.73;0.904;0.814;0.814
36160000;2;01/07/1977;3.884;6.167;6.167;5.518;5.212;6.865;5.212;4.917;5.212;4.917;4.633;4.361;4.361;4.361;4.361;3.849;3.608;3.608;3.378;3.378;3.158;2.947;2.746;2.746;2.746;2.746;2.555;2.372;2.199;2.199;2.034;1.878
36160000;2;01/06/1977;11.831;18.245;17.722;17.722;17.207;16.7;15.638;16.7;16.7;15.021;13.267;13.267;13.267;15.021;13.267;13.267;12.714;10.657;9.717;9.269;8.414;7.613;7.613;8.414;7.613;6.865;6.51;6.167;5.518;7.613;7.232;
36160000;2;01/05/1977;63.831;256.977;195.882;155.612;106.649;90.418;78.864;64.044;76.65;81.11;69.156;59.133;44.764;65.05;113.258;82.245;53.505;44.764;39.902;31.034;27.027;25.754;28.995;27.675;25.129;20.977;19.315;16.7;17.207;16.7;22.71;21.547
36160000;2;01/04/1977;127.977;140.23;308.378;192.345;94.042;140.23;146.284;117.321;86.867;68.117;61.074;55.349;49.035;81.11;299.478;265.211;194.11;125.666;88.042;65.05;59.133;54.423;43.111;36.819;33.144;30.347;28.331;32.433;122.852;357.298;463.466;
36160000;2;01/03/1977;100.537;65.05;51.693;61.074;122.852;190.589;240.907;131.394;129.95;78.864;71.257;53.505;74.468;158.787;171.815;117.321;111.92;273.578;152.47;114.604;90.418;72.319;78.864;68.117;53.505;44.764;44.764;63.046;72.319;60.099;48.165;48.165
36160000;2;01/02/1977;21.285;16.272;14.42;13.267;13.267;13.267;13.267;13.267;33.144;17.722;17.722;41.491;27.027;25.129;22.124;15.638;12.177;9.717;6.865;6.865;6.865;13.835;22.124;18.776;15.021;13.267;31.034;50.799;91.618;;;
36160000;2;01/01/1977;2.917;0.343;0.343;0.343;0.395;0.395;0.451;0.451;0.451;0.451;0.451;0.451;0.451;0.395;0.395;0.395;0.579;0.579;0.579;0.512;0.451;0.512;0.579;0.579;0.579;0.579;1.215;1.729;6.865;22.124;26.386;20.415
36160000;2;01/12/1976;0.382;0.343;0.343;0.343;0.343;0.343;0.343;0.343;0.343;0.343;0.343;0.343;0.296;0.296;0.296;0.395;0.73;0.451;0.451;0.451;0.451;0.451;0.395;0.395;0.395;0.395;0.395;0.395;0.395;0.343;0.343;0.343
36160000;2;01/11/1976;0.329;0.343;0.343;0.343;0.343;0.343;0.343;0.343;0.343;0.343;0.343;0.343;0.343;0.343;0.343;0.343;0.343;0.343;0.343;0.343;0.296;0.296;0.296;0.296;0.296;0.296;0.296;0.296;0.296;0.343;0.343;
36160000;2;01/10/1976;0.374;0.343;0.343;0.343;0.343;0.395;0.395;0.343;0.343;0.343;0.343;0.343;0.343;0.343;0.343;0.579;0.343;0.343;0.343;0.343;0.343;0.343;0.343;0.343;0.395;0.579;0.451;0.395;0.395;0.395;0.395;0.343
36160000;2;01/09/1976;0.371;0.395;0.395;0.395;0.395;0.395;0.395;0.395;0.395;0.395;0.395;0.395;0.395;0.395;0.395;0.395;0.395;0.343;0.343;0.343;0.343;0.343;0.343;0.343;0.343;0.343;0.343;0.343;0.343;0.343;0.343;
36160000;2;01/08/1976;0.559;0.73;0.651;0.651;0.651;0.651;0.651;0.651;0.651;0.651;0.651;0.651;0.651;0.579;0.579;0.579;0.579;0.512;0.512;0.512;0.512;0.512;0.512;0.512;0.512;0.579;0.451;0.395;0.395;0.395;0.395;0.395
36160000;2;01/07/1976;0.782;1.332;1.215;1.104;0.904;0.73;0.73;0.73;0.73;0.73;0.73;0.73;0.73;0.73;0.73;0.73;0.73;0.73;0.73;0.73;0.73;0.73;0.73;0.73;0.73;0.73;0.73;0.73;0.73;0.73;0.73;0.73
36160000;2;01/06/1976;2.082;2.947;2.746;2.746;2.746;2.555;2.555;2.372;2.372;2.372;2.199;2.199;2.034;2.034;2.034;2.034;2.034;2.034;2.034;2.034;1.878;1.878;1.878;1.878;1.729;1.729;1.589;1.589;1.457;1.457;1.332;
36160000;2;01/05/1976;5.114;9.269;8.414;8.414;7.613;7.232;6.865;6.865;6.51;6.167;5.837;5.518;5.518;5.212;4.917;4.917;4.633;4.633;4.099;4.099;3.849;3.849;3.849;3.849;3.849;3.608;3.378;3.378;3.158;3.158;2.947;2.947
36160000;2;01/04/1976;42.084;60.099;60.099;64.044;85.699;105.352;97.739;82.245;81.11;60.099;51.693;43.111;36.068;43.934;39.119;43.934;39.902;37.578;32.433;27.675;22.71;19.315;18.776;17.722;16.7;16.272;14.42;12.177;11.655;10.657;10.18;
36160000;2;01/03/1976;128.471;129.95;83.388;312.879;144.758;86.867;82.245;91.618;102.782;101.509;157.195;212.208;254.939;347.695;277.811;178.527;118.691;147.818;135.775;138.737;98.987;81.11;63.046;175.154;97.739;77.753;58.175;42.297;31.034;43.934;51.693;56.283
36160000;2;01/02/1976;52.569;0.395;0.395;0.395;0.395;0.451;0.579;1.104;2.555;2.034;1.729;1.589;2.199;6.865;6.865;64.044;155.612;147.818;89.226;51.693;97.739;95.266;53.505;39.902;37.578;45.602;86.867;201.25;221.568;109.268;;
36160000;2;01/01/1976;0.602;0.73;0.579;0.579;0.579;0.579;0.579;0.651;0.651;0.73;0.73;0.73;0.73;0.73;0.651;0.579;0.512;0.512;0.512;0.651;0.73;0.73;0.73;0.651;0.651;0.512;0.512;0.451;0.451;0.451;0.395;0.395
36160000;2;01/12/1975;0.534;0.254;0.579;0.579;0.579;0.814;0.651;0.579;0.579;0.512;0.512;0.451;0.451;0.451;0.451;0.451;0.451;0.451;0.451;0.451;0.451;0.451;0.451;0.451;0.451;0.451;0.73;0.73;0.73;0.73;0.651;0.579
36160000;2;01/11/1975;0.429;0.579;0.579;0.579;0.579;0.512;0.451;0.451;0.451;0.451;0.451;0.395;0.512;0.451;0.451;0.451;0.451;0.451;0.395;0.395;0.395;0.343;0.343;0.343;0.343;0.343;0.343;0.343;0.343;0.343;0.343;
36160000;2;01/10/1975;0.586;0.814;0.814;0.814;0.814;0.814;0.73;0.73;0.73;0.651;0.651;0.579;0.579;0.579;0.579;0.579;0.579;0.512;0.512;0.512;0.512;0.512;0.512;0.451;0.451;0.451;0.451;0.451;0.451;0.451;0.451;0.451
36160000;2;01/09/1975;1.122;1.589;1.457;1.332;1.589;1.589;1.457;1.332;1.215;1.001;1.001;0.904;0.904;0.904;0.904;2.034;1.457;1.215;1.104;1.001;0.904;0.904;0.904;0.904;0.904;0.904;0.904;0.904;0.814;0.814;0.814;
36160000;2;01/08/1975;2.663;4.361;4.099;3.849;3.608;3.378;3.378;3.378;3.378;3.158;3.158;3.158;2.947;2.746;2.555;2.555;2.372;2.372;2.372;2.372;2.199;2.199;2.034;2.034;2.034;2.034;2.034;1.878;1.878;1.729;1.729;1.589
36160000;2;01/07/1975;9.269;16.7;16.272;16.7;16.7;16.7;16.272;15.021;12.714;11.149;10.18;9.717;8.834;8.414;7.232;6.865;8.834;8.414;7.613;6.865;6.865;6.865;6.51;6.167;5.518;5.518;5.212;5.212;4.917;4.633;4.361;4.361
36160000;2;01/06/1975;13.535;16.7;16.272;16.7;15.021;20.415;18.776;16.7;16.7;11.149;11.149;11.149;10.657;10.657;9.717;9.269;9.269;9.269;8.834;9.717;8.834;8.414;8.007;8.007;8.007;7.613;11.149;31.729;25.754;22.71;17.722;
36160000;2;01/05/1975;50.743;48.165;122.852;104.063;98.987;161.995;104.063;81.11;57.225;47.303;37.578;33.863;30.347;27.675;25.129;22.71;22.124;22.124;27.675;38.345;54.423;79.983;77.753;38.345;40.692;32.433;28.995;25.754;23.303;20.977;19.315;17.722
36160000;2;01/04/1975;53.09;75.555;49.913;47.303;59.133;66.065;33.863;37.578;30.347;26.386;23.303;49.913;113.258;72.319;40.692;113.258;120.07;50.799;42.297;51.693;39.902;41.491;43.111;41.491;44.764;46.448;46.448;39.902;49.913;49.035;46.448;
36160000;2;01/03/1975;138.26;19.315;12.177;40.692;43.934;52.595;144.758;321.979;303.911;404.741;409.912;452.486;308.378;185.37;137.252;113.258;83.388;79.983;102.782;82.245;64.044;59.133;49.035;46.448;44.764;57.225;66.065;106.649;88.042;143.241;155.612;106.649
36160000;2;01/02/1975;4.867;8.414;10.657;6.865;6.51;8.007;5.837;4.361;5.837;6.51;5.518;4.361;3.849;3.849;3.849;4.099;3.849;3.378;2.947;2.746;2.555;2.199;6.865;6.51;4.917;4.099;2.947;2.555;2.199;;;
36160000;2;01/01/1975;1.937;0.049;0.037;0.037;0.037;0.037;0.027;0.027;0.027;0.027;0.027;0.027;0.027;0.027;0.027;0.027;0.027;0.027;0.064;0.343;0.512;0.579;1.729;5.212;4.917;6.865;10.657;5.837;6.51;4.917;6.167;5.212
36160000;2;01/12/1974;0.065;0.037;0.037;0.037;0.125;0.125;0.102;0.102;0.081;0.064;0.064;0.064;0.049;0.049;0.064;0.081;0.102;0.081;0.049;0.049;0.049;0.049;0.049;0.037;0.037;0.037;0.037;0.081;0.081;0.081;0.064;0.049
36160000;2;01/11/1974;0.06;0.064;0.064;0.064;0.064;0.064;0.049;0.049;0.049;0.049;0.049;0.049;0.064;0.102;0.125;0.102;0.081;0.081;0.081;0.064;0.064;0.049;0.049;0.049;0.049;0.049;0.037;0.037;0.037;0.037;0.037;
36160000;2;01/10/1974;0.172;0.254;0.254;0.254;0.254;0.254;0.254;0.254;0.254;0.254;0.216;0.182;0.182;0.182;0.182;0.182;0.152;0.152;0.152;0.152;0.152;0.152;0.152;0.125;0.125;0.102;0.102;0.102;0.081;0.081;0.064;0.064
36160000;2;01/09/1974;0.561;0.904;0.814;0.814;0.814;0.814;0.73;0.73;0.73;0.73;0.73;0.651;0.651;0.651;0.651;0.651;0.579;0.579;0.579;0.512;0.395;0.343;0.343;0.343;0.343;0.343;0.395;0.254;0.254;0.254;0.254;
36160000;2;01/08/1974;1.503;2.555;2.555;2.372;2.199;2.199;2.034;2.034;1.878;1.878;1.729;1.729;1.589;1.589;1.457;1.457;1.332;1.332;1.215;1.215;1.215;1.104;1.104;1.001;1.001;1.104;1.001;0.904;1.001;1.001;0.904;0.904
36160000;2;01/07/1974;4.606;6.865;6.865;6.865;6.51;6.51;6.167;5.837;5.837;5.518;5.212;5.212;4.917;4.917;4.633;4.633;4.361;4.361;4.099;4.099;3.849;3.849;3.608;3.608;3.378;3.378;3.158;3.158;2.947;2.947;2.746;2.746
36160000;2;01/06/1974;41.055;104.063;160.387;141.731;109.268;88.042;68.117;60.099;49.913;45.602;39.902;34.59;31.034;28.995;27.027;25.754;23.303;19.861;19.315;17.722;16.272;15.638;13.835;13.267;13.267;12.177;11.655;11.149;10.657;10.18;8.834;
36160000;2;01/05/1974;194.944;471.79;491.507;641.134;565.306;460.708;312.879;168.509;181.932;183.647;144.758;140.23;122.852;201.25;233.072;173.481;350.084;195.882;150.911;118.691;100.244;81.11;68.117;65.05;60.099;59.133;59.133;49.913;47.303;46.448;49.913;48.165
36160000;2;01/04/1974;1117.964;466.232;290.711;321.979;502.96;941.19;1376.394;1203.853;909.705;556.171;415.116;338.227;340.582;447.046;2398.822;2853.027;1484.602;965.165;965.165;1347.61;2744.005;2602.589;2387.792;1716.85;1420.154;1366.765;997.612;728.804;580.701;474.581;394.502;
36160000;2;01/03/1974;511.648;273.578;203.056;166.868;143.241;104.063;83.388;109.268;170.158;284.224;367.034;466.232;371.953;362.15;269.377;204.87;163.611;157.195;160.387;269.377;168.509;149.361;208.522;324.275;796.513;1454.675;1762.388;2152.815;1464.616;1059.932;1106.863;882.604
36160000;2;01/02/1974;148.783;43.111;68.117;67.087;98.987;75.555;82.245;64.044;74.468;84.54;143.241;79.983;41.491;48.165;57.225;86.867;59.133;38.345;72.319;150.911;235.018;244.875;389.432;352.48;252.91;204.87;187.102;532.183;331.214;;;
36160000;2;01/01/1974;14.953;0.049;0.064;0.081;0.102;0.152;0.182;0.216;0.254;0.296;0.343;0.395;0.451;0.579;0.651;0.73;0.814;0.904;0.296;0.254;1.001;8.414;2.947;63.046;12.177;15.021;36.819;29.667;66.065;56.283;94.042;71.257
36160000;2;01/12/1973;0.028;0.027;0.027;0.027;0.027;0.027;0.027;0.027;0.027;0.027;0.027;0.027;0.027;0.027;0.027;0.027;0.027;0.027;0.027;0.027;0.027;0.027;0.027;0.027;0.027;0.027;0.027;0.027;0.037;0.037;0.037;0.037
36160000;2;01/11/1973;0.025;0.027;0.027;0.027;0.027;0.027;0.027;0.027;0.019;0.019;0.019;0.019;0.019;0.019;0.019;0.027;0.027;0.027;0.027;0.027;0.027;0.027;0.027;0.027;0.027;0.027;0.027;0.027;0.027;0.027;0.027;
36160000;2;01/10/1973;0.097;0.182;0.182;0.182;0.182;0.182;0.152;0.152;0.125;0.102;0.081;0.081;0.081;0.081;0.064;0.064;0.081;0.102;0.125;0.125;0.125;0.102;0.102;0.081;0.064;0.049;0.027;0.027;0.027;0.027;0.027;0.027
36160000;2;01/09/1973;0.396;0.73;0.73;0.73;0.73;0.651;0.651;0.579;0.512;0.512;0.451;0.451;0.395;0.395;0.343;0.296;0.254;0.254;0.296;0.395;0.296;0.296;0.254;0.254;0.254;0.216;0.216;0.182;0.182;0.182;0.182;
36160000;2;01/08/1973;2.254;4.917;4.361;3.849;3.849;3.849;3.378;3.158;2.947;2.746;2.555;2.555;2.555;2.372;2.372;2.034;2.034;2.034;1.878;1.878;1.589;1.589;1.457;1.332;1.332;1.215;1.215;1.104;1.104;1.001;0.904;0.73
36160000;2;01/07/1973;5.473;5.837;5.837;5.837;5.518;5.212;5.212;4.917;4.917;4.633;4.361;4.361;4.099;3.849;3.849;4.099;3.849;3.849;3.608;3.608;3.378;2.947;2.947;2.947;2.746;2.746;23.303;12.714;8.834;7.613;6.51;5.518
36160000;2;01/06/1973;8.391;13.835;12.714;11.655;10.657;9.717;9.717;9.269;8.834;8.414;8.414;8.007;7.232;7.232;7.232;6.865;6.865;6.865;7.232;10.657;10.18;10.18;8.414;7.613;7.232;6.51;6.167;5.837;6.167;6.167;5.837;
36160000;2;01/05/1973;51.813;195.882;183.647;170.158;157.195;109.268;72.319;52.595;49.035;48.165;46.448;51.693;43.111;43.111;36.068;31.729;28.331;26.386;24.513;22.71;20.415;18.776;18.245;16.7;16.272;16.272;16.272;15.021;14.42;26.386;18.776;16.272
36160000;2;01/04/1973;188.352;45.602;35.325;23.303;18.776;6.865;10.18;24.513;54.423;39.902;68.117;114.604;231.134;175.154;269.377;235.018;342.944;422.985;379.394;369.49;233.072;147.818;92.826;76.65;63.046;50.799;47.303;81.11;497.217;894.167;599.454;
36160000;2;01/03/1973;6.629;1.589;1.332;1.589;2.199;1.215;0.904;1.104;1.001;0.904;0.73;0.73;1.332;25.754;15.638;12.714;6.51;3.849;2.947;2.746;2.555;2.199;2.746;6.51;6.865;5.837;26.386;23.904;10.657;6.865;6.865;19.315
36160000;2;01/02/1973;1.485;2.555;2.746;1.878;2.199;1.332;1.215;1.104;1.104;1.001;0.814;0.814;0.73;0.651;0.904;0.73;0.651;0.814;1.001;1.589;1.589;1.215;0.904;0.73;0.73;1.001;4.099;4.917;2.555;;;
36160000;2;01/01/1973;;;;;;;;;;;1.589;111.92;23.904;13.267;8.414;5.212;2.947;2.199;2.199;1.878;1.457;1.332;1.104;1.001;1.215;1.104;1.001;0.904;0.73;0.904;1.215;2.746
